group,lever,factor,baseline_T,counterfactual_T,delta_T,delta_T_pct,baseline_margin,counterfactual_margin,delta_margin,baseline_P_D,counterfactual_P_D,delta_P_D
Anglosphere ex-US,alpha,0.9,752.1233876326331,753.6643893083141,1.5410016756809455,0.20488681791047186,632.344906619975,633.8859082956559,1.5410016756809455,650.9961188907274,650.0360544948585,-0.9600643958689261
Anglosphere ex-US,alpha,0.95,752.1233876326331,752.8731672493267,0.7497796166935586,0.09968837946304905,632.344906619975,633.0946862366685,0.7497796166935586,650.9961188907274,650.5290091183667,-0.4671097723606863
Anglosphere ex-US,alpha,1.05,752.1233876326331,751.4118776649799,-0.7115099676532282,-0.0946001652591553,632.344906619975,631.6333966523217,-0.7115099676532282,650.9961188907274,651.4393644241563,0.4432455334289216
Anglosphere ex-US,alpha,1.1,752.1233876326331,750.7357802941623,-1.3876073384708434,-0.1844919811413451,632.344906619975,630.9572992815041,-1.3876073384708434,650.9961188907274,651.8605289361532,0.8644100454257568
Anglosphere ex-US,alpha,1.2,752.1233876326331,749.4797498059561,-2.643637826677036,-0.3514899111165911,632.344906619975,629.7012687932979,-2.643637826677036,650.9961188907274,652.6429017252001,1.646782834472674
Anglosphere ex-US,beta,0.9,752.1233876326331,749.1221527110993,-3.0012349215338645,-0.3990349151328062,632.344906619975,629.3436716984411,-3.0012349215338645,650.9961188907274,650.0845303615073,-0.9115885292201256
Anglosphere ex-US,beta,0.95,752.1233876326331,750.6966240816232,-1.4267635510099126,-0.18969807008671302,632.344906619975,630.918143068965,-1.4267635510099126,650.9961188907274,650.5917842798224,-0.40433461090503897
Anglosphere ex-US,beta,1.05,752.1233876326331,753.422277412131,1.2988897794979266,0.17269636882138226,632.344906619975,633.6437963994729,1.2988897794979266,650.9961188907274,651.3145790713309,0.31846018060343795
Anglosphere ex-US,beta,1.1,752.1233876326331,754.6097340238222,2.486346391189045,0.3305769282105445,632.344906619975,634.831253011164,2.486346391189045,650.9961188907274,651.5610454824355,0.5649265917080584
Anglosphere ex-US,beta,1.2,752.1233876326331,756.7031535109999,4.579765878366743,0.6089115102220013,632.344906619975,636.9246724983417,4.579765878366743,650.9961188907274,651.8815706548767,0.8854517641492521
Anglosphere ex-US,h_D,0.9,752.1233876326331,750.6113369656944,-1.5120506669387623,-0.20103758130671345,632.344906619975,630.8328559530362,-1.5120506669387623,650.9961188907274,651.0974997924791,0.1013809017516678
Anglosphere ex-US,h_D,0.95,752.1233876326331,751.3852997786508,-0.7380878539822788,-0.09813387884472889,632.344906619975,631.6068187659927,-0.7380878539822788,650.9961188907274,651.0456067615563,0.04948787082889794
Anglosphere ex-US,h_D,1.05,752.1233876326331,752.8280384317501,0.7046507991169619,0.09368819141961603,632.344906619975,633.0495574190919,0.7046507991169619,650.9961188907274,650.9488728180155,-0.04724607271191417
Anglosphere ex-US,h_D,1.1,752.1233876326331,753.5014739923593,1.378086359726126,0.18322610124699884,632.344906619975,633.7229929797011,1.378086359726126,650.9961188907274,650.9037195717673,-0.09239931896013331
Anglosphere ex-US,h_D,1.2,752.1233876326331,754.7626440941353,2.639256461502214,0.3509073783504431,632.344906619975,634.9841630814772,2.639256461502214,650.9961188907274,650.8191587922184,-0.176960098508971
Anglosphere ex-US,h_A,0.9,752.1233876326331,751.8839366033877,-0.23945102924540151,-0.03183666844865605,632.344906619975,632.1054555907295,-0.23945102924540151,650.9961188907274,650.4628124651852,-0.5333064255422642
Anglosphere ex-US,h_A,0.95,752.1233876326331,752.0095015780862,-0.11388605454692424,-0.01514193766868352,632.344906619975,632.231020565428,-0.11388605454692424,650.9961188907274,650.742467744191,-0.25365114653641285
Anglosphere ex-US,h_A,1.05,752.1233876326331,752.2271518011979,0.10376416856479409,0.01379616300609929,632.344906619975,632.4486707885397,0.10376416856479409,650.9961188907274,651.2272318424418,0.23111295171440815
Anglosphere ex-US,h_A,1.1,752.1233876326331,752.3220859832289,0.1986983505958051,0.026418318305620518,632.344906619975,632.5436049705708,0.1986983505958051,650.9961188907274,651.4386826839929,0.4425637932654354
Anglosphere ex-US,h_A,1.2,752.1233876326331,752.4896194491687,0.36623181653556003,0.04869304991143849,632.344906619975,632.7111384365105,0.36623181653556003,650.9961188907274,651.8118479029672,0.8157290122397853
Anglosphere ex-US,p_D,0.9,752.1233876326331,751.9152610429956,-0.20812658963757258,-0.027671867815820383,632.344906619975,632.1367800303374,-0.20812658963757258,650.9961188907274,642.5480884751653,-8.44803041556213
Anglosphere ex-US,p_D,0.95,752.1233876326331,752.0244852700507,-0.09890236258240748,-0.013149752315735102,632.344906619975,632.2460042573925,-0.09890236258240748,650.9961188907274,646.9546459693029,-4.041472921424543
Anglosphere ex-US,p_D,1.05,752.1233876326331,752.2133652705485,0.08997763791535363,0.011963148519894487,632.344906619975,632.4348842578903,0.08997763791535363,650.9961188907274,654.7160735492974,3.719954658570032
Anglosphere ex-US,p_D,1.1,752.1233876326331,752.2955740550891,0.17218642245597948,0.022893374316938827,632.344906619975,632.5170930424309,0.17218642245597948,650.9961188907274,658.151409620351,7.15529072962363
Anglosphere ex-US,p_D,1.2,752.1233876326331,752.4403898351069,0.3170022024737591,0.04214763264729052,632.344906619975,632.6619088224487,0.3170022024737591,650.9961188907274,664.2895988238213,13.293479933093863
Anglosphere ex-US,p_A,0.9,752.1233876326331,752.0809239471498,-0.042463685483312474,-0.005645840321090164,632.344906619975,632.3024429344916,-0.042463685483312474,650.9961188907274,649.254875641536,-1.7412432491913705
Anglosphere ex-US,p_A,0.95,752.1233876326331,752.1027839781945,-0.020603654438673402,-0.0027393981861839195,632.344906619975,632.3243029655363,-0.020603654438673402,650.9961188907274,650.1501150370335,-0.846003853693901
Anglosphere ex-US,p_A,1.05,752.1233876326331,752.1428403242713,0.019452691638207398,0.0025863697310937583,632.344906619975,632.3643593116132,0.019452691638207398,650.9961188907274,651.7968403259897,0.8007214352622896
Anglosphere ex-US,p_A,1.1,752.1233876326331,752.1612357132847,0.03784808065154266,0.005032163774440313,632.344906619975,632.3827547006265,0.03784808065154266,650.9961188907274,652.5558200569242,1.55970116619676
Anglosphere ex-US,p_A,1.2,752.1233876326331,752.1951818951426,0.07179426250945653,0.00954554315023158,632.344906619975,632.4167008824844,0.07179426250945653,650.9961188907274,653.9609637655275,2.9648448748000646
Anglosphere ex-US,d,0.9,752.1233876326331,840.9889076722956,88.86552003966244,11.815284765891084,632.344906619975,721.2104266596374,88.86552003966244,650.9961188907274,737.7595417907537,86.76342290002628
Anglosphere ex-US,d,0.95,752.1233876326331,794.2169941301352,42.09360649750204,5.5966357634476624,632.344906619975,674.438513117477,42.09360649750204,650.9961188907274,692.0469832525009,41.050864361773506
Anglosphere ex-US,d,1.05,752.1233876326331,714.0396456704707,-38.083741962162435,-5.063496573618589,632.344906619975,594.2611646578125,-38.083741962162435,650.9961188907274,613.938934806527,-37.05718408420046
Anglosphere ex-US,d,1.1,752.1233876326331,679.418861398686,-72.70452623394715,-9.666569000438917,632.344906619975,559.6403803860278,-72.70452623394715,650.9961188907274,580.3289383733036,-70.66718051742384
Anglosphere ex-US,d,1.2,752.1233876326331,618.8342972083072,-133.28909042432588,-17.72170532335973,632.344906619975,499.055816195649,-133.28909042432593,650.9961188907274,521.7202282343591,-129.27589065636835
Continental Europe,alpha,0.9,1156.273540286361,1158.8639844194556,2.5904441330947066,0.22403385036841378,1027.2043278758597,1029.7947720089544,2.5904441330947066,1057.6256147224703,1058.3613462834323,0.7357315609619945
Continental Europe,alpha,0.95,1156.273540286361,1157.547420600091,1.2738803137301602,0.11017118954522413,1027.2043278758597,1028.4782081895899,1.2738803137301602,1057.6256147224703,1057.9874209825223,0.36180626005193517
Continental Europe,alpha,1.05,1156.273540286361,1155.0403010299076,-1.2332392564533166,-0.10665635885327744,1027.2043278758597,1025.9710886194064,-1.2332392564533166,1057.6256147224703,1057.275347864121,-0.3502668583494142
Continental Europe,alpha,1.1,1156.273540286361,1153.845788465735,-2.427751820625872,-0.20996345034624062,1027.2043278758597,1024.7765760552338,-2.427751820625872,1057.6256147224703,1056.9360769874706,-0.6895377349997034
Continental Europe,alpha,1.2,1156.273540286361,1151.5658689687075,-4.707671317653421,-0.40714166273211844,1027.2043278758597,1022.4966565582063,-4.707671317653421,1057.6256147224703,1056.2885150563634,-1.3370996661069512
Continental Europe,beta,0.9,1156.273540286361,1152.705412641082,-3.5681276452789916,-0.3085885407699734,1027.2043278758597,1023.6362002305807,-3.5681276452789916,1057.6256147224703,1055.1784390485743,-2.4471756738960266
Continental Europe,beta,0.95,1156.273540286361,1154.575283694641,-1.6982565917198826,-0.14687325555329192,1027.2043278758597,1025.5060712841398,-1.6982565917198826,1057.6256147224703,1056.4750988598205,-1.1505158626498542
Continental Europe,beta,1.05,1156.273540286361,1157.8228622625124,1.549321976151532,0.13399268617422735,1027.2043278758597,1028.7536498520112,1.549321976151532,1057.6256147224703,1058.6509567465853,1.0253420241149342
Continental Europe,beta,1.1,1156.273540286361,1159.2421017635625,2.968561477201547,0.2567352251670792,1027.2043278758597,1030.1728893530612,2.968561477201547,1057.6256147224703,1059.5684194665396,1.9428047440692353
Continental Europe,beta,1.2,1156.273540286361,1161.7510713448821,5.477531058521208,0.4737227712712903,1027.2043278758597,1032.681858934381,5.477531058521208,1057.6256147224703,1061.1348760999365,3.509261377466146
Continental Europe,h_D,0.9,1156.273540286361,1153.6124578708889,-2.6610824154720376,-0.23014298284582366,1027.2043278758597,1024.5432454603877,-2.6610824154720376,1057.6256147224703,1054.827913954069,-2.797700768401455
Continental Europe,h_D,0.95,1156.273540286361,1154.98828979562,-1.2852504907409639,-0.1111545361854999,1027.2043278758597,1025.9190773851187,-1.2852504907409639,1057.6256147224703,1056.2743743490062,-1.3512403734641794
Continental Europe,h_D,1.05,1156.273540286361,1157.4768699159495,1.203329629588552,0.10406963297720515,1027.2043278758597,1028.4076575054482,1.203329629588552,1057.6256147224703,1058.8907380341739,1.265123311703519
Continental Europe,h_D,1.1,1156.273540286361,1158.605869042531,2.33232875617,0.2017108127885015,1027.2043278758597,1029.5366566320297,2.33232875617,1057.6256147224703,1060.0777225337756,2.452107811305268
Continental Europe,h_D,1.2,1156.273540286361,1160.6668220200436,4.39328173368267,0.3799517657901812,1027.2043278758597,1031.5976096095424,4.39328173368267,1057.6256147224703,1062.2445476956411,4.618932973170786
Continental Europe,h_A,0.9,1156.273540286361,1156.0437814057486,-0.22975888061228034,-0.01987063377368115,1027.2043278758597,1026.9745689952474,-0.22975888061228034,1057.6256147224703,1057.0972406360283,-0.5283740864419997
Continental Europe,h_A,0.95,1156.273540286361,1156.1638869339326,-0.10965335242826768,-0.009483340110084254,1027.2043278758597,1027.0946745234314,-0.10965335242826768,1057.6256147224703,1057.3734439043192,-0.25217081815117126
Continental Europe,h_A,1.05,1156.273540286361,1156.3740491074427,0.10050882108180303,0.00869247782466,1027.2043278758597,1027.3048366969415,0.10050882108180303,1057.6256147224703,1057.8567590424277,0.23114431995736595
Continental Europe,h_A,1.1,1156.273540286361,1156.466511313026,0.19297102666519095,0.016689046314888434,1027.2043278758597,1027.3972989025249,0.19297102666519095,1057.6256147224703,1058.0694012680783,0.4437865456079635
Continental Europe,h_A,1.2,1156.273540286361,1156.6308750632998,0.35733477693884197,0.03090400017718515,1027.2043278758597,1027.5616626527985,0.35733477693884197,1057.6256147224703,1058.4474073684758,0.8217926460054059
Continental Europe,p_D,0.9,1156.273540286361,1156.0853041207909,-0.18823616557006062,-0.01627955315170858,1027.2043278758597,1027.0160917102896,-0.18823616557006062,1057.6256147224703,1049.596216106828,-8.029398615642322
Continental Europe,p_D,0.95,1156.273540286361,1156.1843053652424,-0.08923492111853193,-0.007717457678434131,1027.2043278758597,1027.1150929547412,-0.08923492111853193,1057.6256147224703,1053.804277974746,-3.8213367477244446
Continental Europe,p_D,1.05,1156.273540286361,1156.354386138867,0.08084585250617238,0.006991931380367852,1027.2043278758597,1027.2851737283659,0.08084585250617238,1057.6256147224703,1061.11119499089,3.4855802684196533
Continental Europe,p_D,1.1,1156.273540286361,1156.4279727786472,0.1544324922863325,0.013356051739114083,1027.2043278758597,1027.358760368146,0.1544324922863325,1057.6256147224703,1064.3034076976546,6.677792975184275
Continental Europe,p_D,1.2,1156.273540286361,1156.556957091608,0.28341680524704316,0.024511224668935398,1027.2043278758597,1027.4877446811067,0.28341680524704316,1057.6256147224703,1069.9443788545457,12.31876413207533
Continental Europe,p_A,0.9,1156.273540286361,1156.2557928066606,-0.017747479700346958,-0.0015348859142752366,1027.2043278758597,1027.1865803961593,-0.017747479700346958,1057.6256147224703,1056.8634478007473,-0.7621669217230647
Continental Europe,p_A,0.95,1156.273540286361,1156.2648992961936,-0.008640990167350537,-0.0007473136646550368,1027.2043278758597,1027.1956868856923,-0.008640990167350537,1057.6256147224703,1057.254392243619,-0.37122247885145043
Continental Europe,p_A,1.05,1156.273540286361,1156.2817506592917,0.008210372930761878,0.0007100718510542505,1027.2043278758597,1027.2125382487905,0.008210372930761878,1057.6256147224703,1057.97857096306,0.3529562405897195
Continental Europe,p_A,1.1,1156.273540286361,1156.289561722342,0.016021435980974275,0.0013856094966080803,1027.2043278758597,1027.2203493118407,0.016021435980974275,1057.6256147224703,1058.3145767041296,0.688961981659304
Continental Europe,p_A,1.2,1156.273540286361,1156.304097016398,0.030556730037005764,0.0026426904164423004,1027.2043278758597,1027.2348846058967,0.030556730037005764,1057.6256147224703,1058.9403970779038,1.3147823554334082
Continental Europe,d,0.9,1156.273540286361,1291.5732896944528,135.29974940809188,11.701361718835471,1027.2043278758597,1162.5040772839516,135.29974940809188,1057.6256147224703,1191.791063906686,134.16544918421573
Continental Europe,d,0.95,1156.273540286361,1220.3598286572417,64.08628837088077,5.542485072780378,1027.2043278758597,1091.2906162467405,64.08628837088077,1057.6256147224703,1121.1466009579003,63.52098623542997
Continental Europe,d,1.05,1156.273540286361,1098.2960147592644,-57.97752552709653,-5.0141703936888415,1027.2043278758597,969.2268023487632,-57.97752552709653,1057.6256147224703,1000.2097453928786,-57.415869329591715
Continental Europe,d,1.1,1156.273540286361,1045.5940107089216,-110.67952957743933,-9.572088759380293,1027.2043278758597,916.5247982984204,-110.67952957743933,1057.6256147224703,948.0658007999674,-109.55981392250294
Continental Europe,d,1.2,1156.273540286361,953.3779827438799,-202.89555754248101,-17.5473666458053,1027.2043278758597,824.3087703333787,-202.89555754248101,1057.6256147224703,856.9552943548038,-200.6703203676666
Hindu,alpha,0.9,1497.3697119747908,1497.6394577179876,0.269745743196836,0.01801463867204076,1431.3289879928902,1431.598733736087,0.269745743196836,1424.7315721516666,1424.7725419203973,0.04096976873074709
Hindu,alpha,0.95,1497.3697119747908,1497.504072711843,0.13436073705224771,0.008973117058381488,1431.3289879928902,1431.4633487299425,0.13436073705224771,1424.7315721516666,1424.7519791107352,0.02040695906862311
Hindu,alpha,1.05,1497.3697119747908,1497.2363634032672,-0.13334857152358381,-0.008905520824761336,1431.3289879928902,1431.1956394213666,-0.13334857152358381,1424.7315721516666,1424.7113187799273,-0.020253371739272552
Hindu,alpha,1.1,1497.3697119747908,1497.1040157287005,-0.2656962460903287,-0.017744197973653276,1431.3289879928902,1431.0632917468,-0.2656962460903287,1424.7315721516666,1424.6912173877697,-0.04035476389685755
Hindu,alpha,1.2,1497.3697119747908,1496.8422786596523,-0.5274333151385235,-0.03522398716365937,1431.3289879928902,1430.8015546777517,-0.5274333151385235,1424.7315721516666,1424.651464063618,-0.08010808804851877
Hindu,beta,0.9,1497.3697119747908,1497.0660714614498,-0.30364051334095166,-0.020278259331190724,1431.3289879928902,1431.0253474795493,-0.30364051334095166,1424.7315721516666,1424.6583074405428,-0.07326471112378385
Hindu,beta,0.95,1497.3697119747908,1497.2256153822307,-0.14409659256011764,-0.009623314229461562,1431.3289879928902,1431.1848914003301,-0.14409659256011764,1424.7315721516666,1424.6978009974468,-0.03377115421972121
Hindu,beta,1.05,1497.3697119747908,1497.5005216751895,0.1308097003986859,0.008735965430085323,1431.3289879928902,1431.459797693289,0.1308097003986859,1424.7315721516666,1424.7606788451021,0.02910669343555128
Hindu,beta,1.1,1497.3697119747908,1497.6198186484726,0.25010667368178474,0.016703067497734685,1431.3289879928902,1431.579094666572,0.25010667368178474,1424.7315721516666,1424.7859505119977,0.05437836033115673
Hindu,beta,1.2,1497.3697119747908,1497.8295120860325,0.4598001112417478,0.030707186579548556,1431.3289879928902,1431.788788104132,0.4598001112417478,1424.7315721516666,1424.827480161617,0.09590800995033533
Hindu,h_D,0.9,1497.3697119747908,1497.0624406457885,-0.307271329002333,-0.020520738902691665,1431.3289879928902,1431.021716663888,-0.307271329002333,1424.7315721516666,1423.0011187907621,-1.7304533609044483
Hindu,h_D,0.95,1497.3697119747908,1497.2234354780235,-0.1462764967673138,-0.009768896458737537,1431.3289879928902,1431.182711496123,-0.1462764967673138,1424.7315721516666,1423.9077665439872,-0.8238056076793328
Hindu,h_D,1.05,1497.3697119747908,1497.5032004126706,0.13348843787980513,0.00891486162784442,1431.3289879928902,1431.46247643077,0.13348843787980513,1424.7315721516666,1425.4833938544928,0.7518217028261915
Hindu,h_D,1.1,1497.3697119747908,1497.6255071220878,0.2557951472970217,0.017082965232391997,1431.3289879928902,1431.5847831401873,0.2557951472970217,1424.7315721516666,1426.1722712020917,1.4406990504251098
Hindu,h_D,1.2,1497.3697119747908,1497.8417620583564,0.4720500835655912,0.03152528595913916,1431.3289879928902,1431.8010380764558,0.4720500835655912,1424.7315721516666,1427.390370373983,2.6587982223163635
Hindu,h_A,0.9,1497.3697119747908,1497.3556434526217,-0.014068522169054631,-0.0009395490009278005,1431.3289879928902,1431.3149194707212,-0.014068522169054631,1424.7315721516666,1424.5903690023601,-0.14120314930642053
Hindu,h_A,0.95,1497.3697119747908,1497.3628481845508,-0.006863790240004164,-0.00045838981415965226,1431.3289879928902,1431.3221242026502,-0.006863790240004164,1424.7315721516666,1424.66268100188,-0.06889114978662292
Hindu,h_A,1.05,1497.3697119747908,1497.3762583829132,0.006546408122403591,0.000437193838639218,1431.3289879928902,1431.3355344010126,0.006546408122403591,1424.7315721516666,1424.7972795087812,0.06570735711466114
Hindu,h_A,1.1,1497.3697119747908,1497.382509111089,0.012797136298104306,0.0008546410546281808,1431.3289879928902,1431.3417851291883,0.012797136298104306,1424.7315721516666,1424.8600189730246,0.12844682135801122
Hindu,h_A,1.2,1497.3697119747908,1497.3942000680145,0.024488093223681062,0.001635407276362308,1431.3289879928902,1431.353476086114,0.024488093223681062,1424.7315721516666,1424.9773636715804,0.24579151991383696
Hindu,p_D,0.9,1497.3697119747908,1497.311702441753,-0.05800953303787537,-0.003874095527240904,1431.3289879928902,1431.2709784598524,-0.05800953303787537,1424.7315721516666,1418.653044864157,-6.078527287509587
Hindu,p_D,0.95,1497.3697119747908,1497.342232577529,-0.027479397261686245,-0.0018351778483248016,1431.3289879928902,1431.3015085956285,-0.027479397261686245,1424.7315721516666,1421.845720054168,-2.8858520974986277
Hindu,p_D,1.05,1497.3697119747908,1497.3945761904058,0.024864215615025387,0.0016605261490319227,1431.3289879928902,1431.3538522085053,0.024864215615025387,1424.7315721516666,1427.3528029210113,2.62123076934472
Hindu,p_D,1.1,1497.3697119747908,1497.417181696608,0.04746972181715137,0.003170207159763263,1431.3289879928902,1431.3764577147074,0.04746972181715137,1424.7315721516666,1429.7442139880548,5.012641836388184
Hindu,p_D,1.2,1497.3697119747908,1497.4567446350666,0.08703266027578138,0.005812369488962031,1431.3289879928902,1431.416020653166,0.08703266027578138,1424.7315721516666,1433.9487294185478,9.217157266881259
Hindu,p_A,0.9,1497.3697119747908,1497.368912372419,-0.0007996023718987999,-5.340046386034164e-05,1431.3289879928902,1431.3281883905183,-0.0007996023718987999,1424.7315721516666,1424.6474444452474,-0.08412770641916723
Hindu,p_A,0.95,1497.3697119747908,1497.369317189731,-0.00039478505982515344,-2.6365236098204175e-05,1431.3289879928902,1431.3285932078304,-0.00039478505982515344,1424.7315721516666,1424.690045246112,-0.041526905554519544
Hindu,p_A,1.05,1497.3697119747908,1497.3700968369883,0.0003848621975066635,2.5702549906602017e-05,1431.3289879928902,1431.3293728550877,0.0003848621975066635,1424.7315721516666,1424.772065016834,0.04049286516737993
Hindu,p_A,1.1,1497.3697119747908,1497.3704720367107,0.0007600619198910863,5.075980326119234e-05,1431.3289879928902,1431.3297480548101,0.0007600619198910863,1424.7315721516666,1424.8115618850686,0.0799897334020443
Hindu,p_A,1.2,1497.3697119747908,1497.3711956748114,0.0014837000205716322,9.908708642268912e-05,1431.3289879928902,1431.3304716929108,0.0014837000205716322,1424.7315721516666,1424.8877118600055,0.15613970833896929
Hindu,d,0.9,1497.3697119747908,1665.646696998738,168.2769850239472,11.238172087908524,1431.3289879928902,1599.6059730168374,168.2769850239472,1424.7315721516666,1592.6302877688117,167.89871561714517
Hindu,d,0.95,1497.3697119747908,1577.0814645598366,79.71175258504582,5.323451646415285,1431.3289879928902,1511.040740577936,79.71175258504582,1424.7315721516666,1504.2544890609095,79.5229169092429
Hindu,d,1.05,1497.3697119747908,1425.2466511286086,-72.12306084618217,-4.816650174596052,1431.3289879928902,1359.205927146708,-72.12306084618217,1424.7315721516666,1352.7967526469909,-71.93481950467572
Hindu,d,1.1,1497.3697119747908,1359.6774564919297,-137.69225548286113,-9.19560843135174,1431.3289879928902,1293.636732510029,-137.69225548286113,1424.7315721516666,1287.4152086505167,-137.3163635011499
Hindu,d,1.2,1497.3697119747908,1244.9237142476625,-252.44599772712832,-16.859296385405877,1431.3289879928902,1178.882990265762,-252.44599772712832,1424.7315721516666,1173.03501021043,-251.6965619412365
Islamic,alpha,0.9,892.4150126191166,893.002905829781,0.5878932106643333,0.06587666078576454,765.8946874158646,766.4825806265289,0.5878932106643333,825.3682460003688,825.1640358564592,-0.20421014390956316
Islamic,alpha,0.95,892.4150126191166,892.7044707229281,0.28945810381151205,0.03243536916327661,765.8946874158646,766.1841455196761,0.28945810381151205,825.3682460003688,825.2677002476593,-0.10054575270953592
Islamic,alpha,1.05,892.4150126191166,892.1341324793539,-0.2808801397627576,-0.0314741612132244,765.8946874158646,765.6138072761019,-0.2808801397627576,825.3682460003688,825.4658117650658,0.0975657646970376
Islamic,alpha,1.1,892.4150126191166,891.8614546234651,-0.5535579956515448,-0.06202921150182441,765.8946874158646,765.3411294202131,-0.5535579956515448,825.3682460003688,825.5605281430853,0.19228214271652178
Islamic,alpha,1.2,892.4150126191166,891.3393092670084,-1.0757033521082349,-0.1205384643800637,765.8946874158646,764.8189840637564,-1.0757033521082349,825.3682460003688,825.7418977434309,0.3736517430620552
Islamic,beta,0.9,892.4150126191166,891.6456345364024,-0.7693780827141836,-0.08621303674129861,765.8946874158646,765.1253093331504,-0.7693780827141836,825.3682460003688,825.2900071654065,-0.07823883496234885
Islamic,beta,0.95,892.4150126191166,892.0493454710329,-0.36566714808373035,-0.04097501083162497,765.8946874158646,765.5290202677809,-0.36566714808373035,825.3682460003688,825.3361400355054,-0.03210596486337636
Islamic,beta,1.05,892.4150126191166,892.7479167126772,0.33290409356061446,0.03730373075903175,765.8946874158646,766.2275915094252,0.33290409356061446,825.3682460003688,825.3891149779042,0.020868977535428712
Islamic,beta,1.1,892.4150126191166,893.0523959849921,0.6373833658755075,0.07142230429370232,765.8946874158646,766.5320707817401,0.6373833658755075,825.3682460003688,825.4009367129363,0.03269071256750067
Islamic,beta,1.2,892.4150126191166,893.5898832116957,1.1748705925790546,0.13165069793379755,765.8946874158646,767.0695580084437,1.1748705925790546,825.3682460003688,825.4040252037265,0.03577920335771978
Islamic,h_D,0.9,892.4150126191166,891.8000804677538,-0.6149321513628365,-0.06890652248868992,765.8946874158646,765.2797552645018,-0.6149321513628365,825.3682460003688,823.9274879206549,-1.4407580797138735
Islamic,h_D,0.95,892.4150126191166,892.1183842433622,-0.2966283757543806,-0.03323883748703607,765.8946874158646,765.5980590401102,-0.2966283757543806,825.3682460003688,824.6732487669977,-0.6949972333710548
Islamic,h_D,1.05,892.4150126191166,892.6921069054209,0.27709428630430466,0.031049935555327632,765.8946874158646,766.1717817021689,0.27709428630430466,825.3682460003688,826.0174923543932,0.6492463540243989
Islamic,h_D,1.1,892.4150126191166,892.9515349817285,0.5365223626118905,0.06012027532316722,765.8946874158646,766.4312097784765,0.5365223626118905,825.3682460003688,826.6253612671634,1.2571152667945853
Islamic,h_D,1.2,892.4150126191166,893.4237455603516,1.008732941234939,0.11303406228840157,765.8946874158646,766.9034203570995,1.008732941234939,825.3682460003688,827.7318412307837,2.363595230414944
Islamic,h_A,0.9,892.4150126191166,892.2946058213686,-0.1204067977480463,-0.0134922425155835,765.8946874158646,765.7742806181166,-0.1204067977480463,825.3682460003688,824.9075861096006,-0.46065989076817004
Islamic,h_A,0.95,892.4150126191166,892.3569359672248,-0.05807665189183808,-0.006507807586225047,765.8946874158646,765.8366107639728,-0.05807665189183808,825.3682460003688,825.1460505317575,-0.22219546861128947
Islamic,h_A,1.05,892.4150126191166,892.4692569455278,0.05424432641120802,0.006078374483191212,765.8946874158646,765.9489317422758,0.05424432641120802,825.3682460003688,825.5757826182747,0.20753661790593014
Islamic,h_A,1.1,892.4150126191166,892.5200358353786,0.10502321626199773,0.011768427780452603,765.8946874158646,765.9997106321266,0.10502321626199773,825.3682460003688,825.7700643906779,0.40181839030913125
Islamic,h_A,1.2,892.4150126191166,892.6124466373419,0.1974340182252945,0.02212356531809707,765.8946874158646,766.0921214340899,0.1974340182252945,825.3682460003688,826.1236384836002,0.7553924832313896
Islamic,p_D,0.9,892.4150126191166,892.3530854027821,-0.06192721633453857,-0.0069392844650596605,765.8946874158646,765.8327601995301,-0.06192721633453857,825.3682460003688,820.0920225568576,-5.276223443511185
Islamic,p_D,0.95,892.4150126191166,892.3856708408974,-0.029341778219190928,-0.0032879072857679523,765.8946874158646,765.8653456376454,-0.029341778219190928,825.3682460003688,822.8599685359213,-2.508277464447474
Islamic,p_D,1.05,892.4150126191166,892.4415721632615,0.026559544144902247,0.002976142688025115,765.8946874158646,765.9212469600095,0.026559544144902247,825.3682460003688,827.6517581398205,2.283512139451659
Islamic,p_D,1.1,892.4150126191166,892.4657272943382,0.05071467522157036,0.005682857695628594,765.8946874158646,765.9454020910862,0.05071467522157036,825.3682460003688,829.7394210271854,4.371175026816559
Islamic,p_D,1.2,892.4150126191166,892.5080215283565,0.09300890923987026,0.010422158740573152,765.8946874158646,765.9876963251045,0.09300890923987026,825.3682460003688,833.4200216073,8.051775606931187
Islamic,p_A,0.9,892.4150126191166,892.4115155163056,-0.003497102811024888,-0.00039186956310398313,765.8946874158646,765.8911903130536,-0.003497102811024888,825.3682460003688,825.068496353974,-0.2997496463948437
Islamic,p_A,0.95,892.4150126191166,892.4132849790697,-0.0017276400469654618,-0.00019359154905911695,765.8946874158646,765.8929597758176,-0.0017276400469654618,825.3682460003688,825.2201300068438,-0.1481159935250389
Islamic,p_A,1.05,892.4150126191166,892.4167001770161,0.0016875578994586249,0.00018910012444836312,765.8946874158646,765.8963749737641,0.0016875578994586249,825.3682460003688,825.5129655917422,0.14471959137335944
Islamic,p_A,1.1,892.4150126191166,892.4183489486117,0.0033363294950277123,0.0003738540306752616,765.8946874158646,765.8980237453596,0.0033363294950277123,825.3682460003688,825.6544042026239,0.28615820225513744
Islamic,p_A,1.2,892.4150126191166,892.4215351627673,0.006522543650703483,0.0007308868136990103,765.8946874158646,765.9012099595153,0.006522543650703483,825.3682460003688,825.9278747094482,0.5596287090794476
Islamic,d,0.9,892.4150126191166,993.6164520735924,101.2014394544758,11.340176714134756,765.8946874158646,867.0961268703404,101.2014394544758,825.3682460003688,926.0138387856247,100.64559278525587
Islamic,d,0.95,892.4150126191166,940.3537222495768,47.93870963046015,5.371795515829184,765.8946874158646,813.8333970463248,47.93870963046015,825.3682460003688,873.0297961272317,47.66155012686295
Islamic,d,1.05,892.4150126191166,849.0397355172147,-43.37527710190193,-4.860437855544518,765.8946874158646,722.5194103139627,-43.37527710190193,825.3682460003688,782.2686157189629,-43.099630281405894
Islamic,d,1.1,892.4150126191166,809.6055913306204,-82.8094212884962,-9.279250137832376,765.8946874158646,683.0852661273684,-82.8094212884962,825.3682460003688,743.1086205155655,-82.25962548480334
Islamic,d,1.2,892.4150126191166,740.5900874419409,-151.82492517717571,-17.01281612594013,765.8946874158646,614.0697622386889,-151.82492517717571,825.3682460003688,674.6369794551609,-150.73126654520786
Japanese,alpha,0.9,206.80613971820682,207.25331419650507,0.4471744782982512,0.2162288213046137,156.33080339533686,156.7779778736351,0.4471744782982512,143.0864038033193,143.09000707444687,0.0036032711275595375
Japanese,alpha,0.95,206.80613971820682,207.02798829502328,0.22184857681645553,0.10727368980376766,156.33080339533686,156.5526519721533,0.22184857681645553,143.0864038033193,143.08819143036936,0.001787627050049423
Japanese,alpha,1.05,206.80613971820682,206.5876885881828,-0.21845113002402172,-0.10563087262384101,156.33080339533686,156.11235226531284,-0.21845113002402172,143.0864038033193,143.08464355051115,-0.0017602528081681612
Japanese,alpha,1.1,206.80613971820682,206.3725574529414,-0.43358226526541443,-0.20965637957181146,156.33080339533686,155.89722113007144,-0.43358226526541443,143.0864038033193,143.0829100472526,-0.003493756066717424
Japanese,alpha,1.2,206.80613971820682,205.95195695496676,-0.8541827632400611,-0.4130354951762878,156.33080339533686,155.4766206320968,-0.8541827632400611,143.0864038033193,143.0795208850515,-0.0068829182678200596
Japanese,beta,0.9,206.80613971820682,206.30631871630135,-0.49982100190547385,-0.24168576551282658,156.33080339533686,155.83098239343138,-0.49982100190547385,143.0864038033193,142.89750969651527,-0.1888941068040424
Japanese,beta,0.95,206.80613971820682,206.56789653438634,-0.2382431838204866,-0.11520121411536222,156.33080339533686,156.09256021151637,-0.2382431838204866,143.0864038033193,142.99831043484244,-0.08809336847687632
Japanese,beta,1.05,206.80613971820682,207.02404952119042,0.2179098029835984,0.10536911683595149,156.33080339533686,156.54871319832046,0.2179098029835984,143.0864038033193,143.16369943152503,0.077295628205718
Japanese,beta,1.1,206.80613971820682,207.2241334369068,0.41799371869998936,0.20211862146334042,156.33080339533686,156.74879711403685,0.41799371869998936,143.0864038033193,143.23176192183112,0.14535811851180824
Japanese,beta,1.2,206.80613971820682,207.57894751295225,0.7728077947454324,0.37368706547999836,156.33080339533686,157.1036111900823,0.7728077947454324,143.0864038033193,143.3451394801983,0.2587356768789846
Japanese,h_D,0.9,206.80613971820682,206.2220014517601,-0.584138266446729,-0.2824569266863514,156.33080339533686,155.74666512889013,-0.584138266446729,143.0864038033193,141.54538889258674,-1.5410149107325708
Japanese,h_D,0.95,206.80613971820682,206.52582459485097,-0.2803151233558481,-0.13554487489481903,156.33080339533686,156.050488271981,-0.2803151233558481,143.0864038033193,142.34605957341907,-0.740344229900245
Japanese,h_D,1.05,206.80613971820682,207.06557951581047,0.25943979760364755,0.1254507230574291,156.33080339533686,156.5902431929405,0.25943979760364755,143.0864038033193,143.77299199966993,0.6865881963506126
Japanese,h_D,1.1,206.80613971820682,207.30639685002538,0.5002571318185574,0.24189665379384076,156.33080339533686,156.83106052715542,0.5002571318185574,143.0864038033193,144.4114738422144,1.3250700388950918
Japanese,h_D,1.2,206.80613971820682,207.73966069795023,0.9335209797434061,0.45139906436792343,156.33080339533686,157.26432437508026,0.9335209797434061,143.0864038033193,145.56301794082557,2.4766141375062602
Japanese,h_A,0.9,206.80613971820682,206.7656511284943,-0.04048858971250979,-0.019578040462279976,156.33080339533686,156.29031480562435,-0.04048858971250979,143.0864038033193,142.94359000832168,-0.14281379499763602
Japanese,h_A,0.95,206.80613971820682,206.7866229440496,-0.019516774157210648,-0.009437231497964289,156.33080339533686,156.31128662117965,-0.019516774157210648,143.0864038033193,143.0175526351642,-0.06885116815510628
Japanese,h_A,1.05,206.80613971820682,206.8243478081737,0.018208089966890384,0.008804424274685776,156.33080339533686,156.34901148530375,0.018208089966890384,143.0864038033193,143.15065568538435,0.06425188206503663
Japanese,h_A,1.1,206.80613971820682,206.84137457282534,0.035234854618522604,0.017037625027251837,156.33080339533686,156.36603824995538,0.035234854618522604,143.0864038033193,143.21075423466442,0.12435043134510693
Japanese,h_A,1.2,206.80613971820682,206.87231598795267,0.06617626974585278,0.03199918040925878,156.33080339533686,156.3969796650827,0.06617626974585278,143.0864038033193,143.3200043981366,0.23360059481728968
Japanese,p_D,0.9,206.80613971820682,206.39338022440006,-0.41275949380676025,-0.19958764008127833,156.33080339533686,155.9180439015301,-0.41275949380676025,143.0864038033193,139.18723227554273,-3.8991715277765877
Japanese,p_D,0.95,206.80613971820682,206.6105263159818,-0.19561340222503532,-0.094587811798807,156.33080339533686,156.13518999311182,-0.19561340222503532,143.0864038033193,141.21359131004382,-1.8728124932754895
Japanese,p_D,1.05,206.80613971820682,206.98327198235665,0.17713226414983296,0.08565135657538632,156.33080339533686,156.5079356594867,0.17713226414983296,143.0864038033193,144.82248506446444,1.7360812611451308
Japanese,p_D,1.1,206.80613971820682,207.14442404618188,0.33828432797506025,0.16357557296703332,156.33080339533686,156.66908772331192,0.33828432797506025,143.0864038033193,146.43628154396433,3.349877740645013
Japanese,p_D,1.2,206.80613971820682,207.4267218293892,0.6205821111823866,0.3000791524023364,156.33080339533686,156.95138550651924,0.6205821111823866,143.0864038033193,149.3452998975305,6.258896094211195
Japanese,p_A,0.9,206.80613971820682,206.79500787686516,-0.01113184134166545,-0.005382742193647466,156.33080339533686,156.3196715539952,-0.01113184134166545,143.0864038033193,142.97859116395253,-0.10781263936678442
Japanese,p_A,0.95,206.80613971820682,206.80062625269562,-0.005513465511199911,-0.002666006685639283,156.33080339533686,156.32528992982566,-0.005513465511199911,143.0864038033193,143.03298665861288,-0.053417144706429553
Japanese,p_A,1.05,206.80613971820682,206.81155118409458,0.005411465887760869,0.0026166853146306537,156.33080339533686,156.33621486122462,0.005411465887760869,143.0864038033193,143.1388687571336,0.052464953814279625
Japanese,p_A,1.1,206.80613971820682,206.816863454032,0.010723735825166614,0.005185404959339569,156.33080339533686,156.34152713116202,0.010723735825166614,143.0864038033193,143.19040675453886,0.10400295121954173
Japanese,p_A,1.2,206.80613971820682,206.82720111940284,0.021061401196021734,0.010184127620543526,156.33080339533686,156.35186479653288,0.021061401196021734,143.0864038033193,143.29079843931612,0.20439463599680607
Japanese,d,0.9,206.80613971820682,232.5820122557521,25.77587253754527,12.463784959512017,156.33080339533686,182.10667593288213,25.77587253754527,143.0864038033193,166.40905771927095,23.322653915951634
Japanese,d,0.95,206.80613971820682,219.02793624719695,12.221796528990126,5.909784180316645,156.33080339533686,168.55259992432698,12.221796528990126,143.0864038033193,154.09318557489408,11.006781771574765
Japanese,d,1.05,206.80613971820682,195.7259041492785,-11.080235568928316,-5.357788498942148,156.33080339533686,145.25056782640854,-11.080235568928316,143.0864038033193,133.19892743064315,-9.887476372676161
Japanese,d,1.1,206.80613971820682,185.63118920995385,-21.174950508252977,-10.23903378164008,156.33080339533686,135.15585288708388,-21.174950508252977,143.0864038033193,124.27560504707496,-18.810798756244353
Japanese,d,1.2,206.80613971820682,167.90420277649844,-38.901936941708385,-18.81082302233193,156.33080339533686,117.42886645362847,-38.901936941708385,143.0864038033193,108.83065188228436,-34.25575192103496
Other Civilizations,alpha,0.9,424.69788750901796,425.3563362394731,0.6584487304551203,0.15503932320387134,320.1017336628641,320.7601823933192,0.6584487304551203,370.6549504280109,370.62589833118875,-0.029052096822169915
Other Civilizations,alpha,0.95,424.69788750901796,425.0220952987263,0.3242077897083391,0.07633845122468497,320.1017336628641,320.42594145257243,0.3242077897083391,370.6549504280109,370.64064573935195,-0.01430468865896728
Other Civilizations,alpha,1.05,424.69788750901796,424.3832677785232,-0.3146197304947691,-0.07408083245718723,320.1017336628641,319.7871139323693,-0.3146197304947691,370.6549504280109,370.6688320262802,0.013881598269279039
Other Civilizations,alpha,1.1,424.69788750901796,424.0778170057948,-0.6200705032231326,-0.14600272840066014,320.1017336628641,319.48166315964096,-0.6200705032231326,370.6549504280109,370.6823090608664,0.027358632855452925
Other Civilizations,alpha,1.2,424.69788750901796,423.49286445410445,-1.2050230549135108,-0.28373653139207655,320.1017336628641,318.8967106079506,-1.2050230549135108,370.6549504280109,370.70811816522615,0.053167737215233046
Other Civilizations,beta,0.9,424.69788750901796,423.8121847485892,-0.885702760428785,-0.20854889710511645,320.1017336628641,319.2160309024353,-0.885702760428785,370.6549504280109,370.2397680887439,-0.4151823392670053
Other Civilizations,beta,0.95,424.69788750901796,424.2768138398652,-0.42107366915274724,-0.09914663612349761,320.1017336628641,319.68065999371134,-0.42107366915274724,370.6549504280109,370.461511312833,-0.19343911517790957
Other Civilizations,beta,1.05,424.69788750901796,425.08131790499135,0.38343039597339157,0.09028309470111265,320.1017336628641,320.4851640588375,0.38343039597339157,370.6549504280109,370.8244533615448,0.16950293353386314
Other Civilizations,beta,1.1,424.69788750901796,425.4319916977755,0.7341041887575557,0.1728532706068541,320.1017336628641,320.83583785162165,0.7341041887575557,370.6549504280109,370.9735704016929,0.3186199736819617
Other Civilizations,beta,1.2,424.69788750901796,426.0507164527862,1.3528289437682588,0.31853912711998905,320.1017336628641,321.45456260663235,1.3528289437682588,370.6549504280109,371.2217892393983,0.5668388113873561
Other Civilizations,h_D,0.9,424.69788750901796,424.0092868318717,-0.6886006771462689,-0.1621389456832764,320.1017336628641,319.4131329857178,-0.6886006771462689,370.6549504280109,369.29774285223107,-1.357207575779853
Other Civilizations,h_D,0.95,424.69788750901796,424.36546052355465,-0.3324269854633144,-0.07827375535421181,320.1017336628641,319.7693066774008,-0.3324269854633144,370.6549504280109,369.9997113950242,-0.6552390329867421
Other Civilizations,h_D,1.05,424.69788750901796,425.0088661197128,0.31097861069486044,0.07322348894147894,320.1017336628641,320.41271227355895,0.31097861069486044,370.6549504280109,371.2679757088359,0.6130252808249566
Other Civilizations,h_D,1.1,424.69788750901796,425.3004074803583,0.602519971340314,0.1418702539054942,320.1017336628641,320.7042536342044,0.602519971340314,370.6549504280109,371.842739424678,1.1877889966670523
Other Civilizations,h_D,1.2,424.69788750901796,425.8320393023209,1.1341517933029195,0.2670490780999793,320.1017336628641,321.235885456167,1.1341517933029195,370.6549504280109,372.89096872635713,2.2360182983462096
Other Civilizations,h_A,0.9,424.69788750901796,424.6120899840185,-0.0857975249994638,-0.020202013601407894,320.1017336628641,320.0159361378646,-0.0857975249994638,370.6549504280109,370.3990573654727,-0.2558930625382345
Other Civilizations,h_A,0.95,424.69788750901796,424.65676510932934,-0.04112239968861786,-0.00968274175551313,320.1017336628641,320.0606112631755,-0.04112239968861786,370.6549504280109,370.53229945500186,-0.12265097300905836
Other Civilizations,h_A,1.05,424.69788750901796,424.73586471019536,0.037977201177398,0.008942168608406747,320.1017336628641,320.1397108640415,0.037977201177398,370.6549504280109,370.76822476187215,0.1132743338612272
Other Civilizations,h_A,1.1,424.69788750901796,424.77104427591433,0.07315676689637485,0.017225601786121775,320.1017336628641,320.17489042976047,0.07315676689637485,370.6549504280109,370.8731581463094,0.21820771829845853
Other Civilizations,h_A,1.2,424.69788750901796,424.83416218171305,0.13627467269509452,0.032087438318656784,320.1017336628641,320.2380083355592,0.13627467269509452,370.6549504280109,371.0614344129524,0.40648398494147386
Other Civilizations,p_D,0.9,424.69788750901796,424.5891379145705,-0.10874959444748811,-0.02560634221312884,320.1017336628641,319.9929840684166,-0.10874959444748811,370.6549504280109,366.6930099920388,-3.96194043597211
Other Civilizations,p_D,0.95,424.69788750901796,424.64635099085524,-0.05153651816272031,-0.012134865672395414,320.1017336628641,320.0501971447014,-0.05153651816272031,370.6549504280109,368.7670196269659,-1.8879308010450018
Other Civilizations,p_D,1.05,424.69788750901796,424.74455227473624,0.04666476571827616,0.010987755553007145,320.1017336628641,320.14839842858237,0.04666476571827616,370.6549504280109,372.38076947141707,1.7258190434061476
Other Civilizations,p_D,1.1,424.69788750901796,424.7870049659127,0.08911745689471218,0.02098372973254308,320.1017336628641,320.1908511197588,0.08911745689471218,370.6549504280109,373.96449743313786,3.3095470051269444
Other Civilizations,p_D,1.2,424.69788750901796,424.8613663567514,0.16347884773341548,0.03849297407441053,320.1017336628641,320.2652125105975,0.16347884773341548,370.6549504280109,376.77053288104884,6.115582453037916
Other Civilizations,p_A,0.9,424.69788750901796,424.6915538287054,-0.006333680312536671,-0.0014913378424568178,320.1017336628641,320.09539998255156,-0.006333680312536671,370.6549504280109,370.42191310927717,-0.23303731873375
Other Civilizations,p_A,0.95,424.69788750901796,424.6947588826428,-0.0031286263751439947,-0.0007366710471517384,320.1017336628641,320.09860503648895,-0.0031286263751439947,370.6549504280109,370.53980279290704,-0.11514763510388093
Other Civilizations,p_A,1.05,424.69788750901796,424.7009423308598,0.0030548218418289252,0.0007192929213155221,320.1017336628641,320.1047884847059,0.0030548218418289252,370.6549504280109,370.76745051402,0.11250008600910633
Other Civilizations,p_A,1.1,424.69788750901796,424.7039259793148,0.0060384702968576676,0.0014218272504897844,320.1017336628641,320.10777213316095,0.0060384702968576676,370.6549504280109,370.8773933680698,0.22244294005889742
Other Civilizations,p_A,1.2,424.69788750901796,424.7096894493326,0.011801940314626336,0.0027789025238265956,320.1017336628641,320.1135356031787,0.011801940314626336,370.6549504280109,371.089948372274,0.43499794426310245
Other Civilizations,d,0.9,424.69788750901796,474.12522979842873,49.427342289410774,11.6382359656454,320.1017336628641,369.52907595227487,49.427342289410774,370.6549504280109,419.27618228576165,48.62123185775073
Other Civilizations,d,0.95,424.69788750901796,448.1124711846947,23.414583675676738,5.513232903749623,320.1017336628641,343.51631733854083,23.414583675676738,370.6549504280109,393.6682568810561,23.013306453045175
Other Civilizations,d,1.05,424.69788750901796,403.51024464185423,-21.18764286716373,-4.988874089163874,320.1017336628641,298.91409079570036,-21.18764286716373,370.6549504280109,349.86508926634576,-20.789861161665158
Other Civilizations,d,1.1,424.69788750901796,384.2458059641031,-40.45208154491485,-9.524907642507616,320.1017336628641,279.64965211794924,-40.45208154491485,370.6549504280109,330.9949959901991,-39.65995443781185
Other Civilizations,d,1.2,424.69788750901796,350.52470980463397,-74.17317770438399,-17.464927395667587,320.1017336628641,245.9285559584801,-74.17317770438399,370.6549504280109,298.0525125657976,-72.60243786221332
Other Western,alpha,0.9,513.116268880715,513.4681842971031,0.35191541638812396,0.06858395216268895,455.94645755996027,456.2983729763484,0.35191541638812396,435.9033195551277,435.681790276904,-0.22152927822372703
Other Western,alpha,0.95,513.116268880715,513.2895737617764,0.17330488106142639,0.0337749729587535,455.94645755996027,456.1197624410217,0.17330488106142639,435.9033195551277,435.7942253920784,-0.10909416304934894
Other Western,alpha,1.05,513.116268880715,512.9480366311346,-0.16823224958034189,-0.032786379965561205,455.94645755996027,455.7782253103799,-0.16823224958034189,435.9033195551277,436.00921943353603,0.10589987840830872
Other Western,alpha,1.1,513.116268880715,512.7846576305526,-0.331611250162382,-0.06462692186426704,455.94645755996027,455.6148463097979,-0.331611250162382,435.9033195551277,436.1120633964408,0.20874384131309398
Other Western,alpha,1.2,513.116268880715,512.4716425422866,-0.6446263384283384,-0.12562968230075663,455.94645755996027,455.3018312215319,-0.6446263384283384,435.9033195551277,436.3090975485453,0.4057779934175869
Other Western,beta,0.9,513.116268880715,512.6457095453233,-0.47055933539172656,-0.09170618121662369,455.94645755996027,455.47589822456854,-0.47055933539172656,435.9033195551277,436.09011727197753,0.18679771684981006
Other Western,beta,0.95,513.116268880715,512.8927995105396,-0.22346937017539403,-0.04355141002698247,455.94645755996027,455.72298818978487,-0.22346937017539403,435.9033195551277,435.99544829655076,0.09212874142303917
Other Western,beta,1.05,513.116268880715,513.319412404581,0.2031435238660606,0.039590154549024,455.94645755996027,456.1496010838263,0.2031435238660606,435.9033195551277,435.8141340311894,-0.08918552393834034
Other Western,beta,1.1,513.116268880715,513.5049367629482,0.38866788223322146,0.07574655215689054,455.94645755996027,456.3351254421935,0.38866788223322146,435.9033195551277,435.72811764626266,-0.1752019088650627
Other Western,beta,1.2,513.116268880715,513.8317371243121,0.7154682435971154,0.13943589143213103,455.94645755996027,456.6619258035574,0.7154682435971154,435.9033195551277,435.56592445029554,-0.3373951048321828
Other Western,h_D,0.9,513.116268880715,512.7481696669714,-0.36809921374356236,-0.07173797364611235,455.94645755996027,455.5783583462167,-0.36809921374356236,435.9033195551277,435.548386557916,-0.35493299721173344
Other Western,h_D,0.95,513.116268880715,512.938800765068,-0.17746811564700238,-0.034586335770277185,455.94645755996027,455.76898944431326,-0.17746811564700238,435.9033195551277,435.73219902945334,-0.1711205256743824
Other Western,h_D,1.05,513.116268880715,513.28189185587,0.16562297515497448,0.03227786472571914,455.94645755996027,456.11208053511524,0.16562297515497448,435.9033195551277,436.06301879777374,0.15969924264601332
Other Western,h_D,1.1,513.116268880715,513.4368173533048,0.32054847258984864,0.06247092365421902,455.94645755996027,456.2670060325501,0.32054847258984864,435.9033195551277,436.21240332941676,0.3090837742890358
Other Western,h_D,1.2,513.116268880715,513.7184698962146,0.6022010154996451,0.11736151278408205,455.94645755996027,456.5486585754599,0.6022010154996451,435.9033195551277,436.4839828741633,0.5806633190355797
Other Western,h_A,0.9,513.116268880715,513.0576366783904,-0.058632202324588434,-0.01142668940364835,455.94645755996027,455.8878253576357,-0.058632202324588434,435.9033195551277,435.6552873600738,-0.24803219505389507
Other Western,h_A,0.95,513.116268880715,513.0880813341604,-0.02818754655459088,-0.005493403398819866,455.94645755996027,455.9182700134057,-0.02818754655459088,435.9033195551277,435.7840759660664,-0.11924358906134103
Other Western,h_A,1.05,513.116268880715,513.1424413462602,0.02617246554518715,0.0051006890898778945,455.94645755996027,455.97263002550545,0.02617246554518715,435.9033195551277,436.0140413309657,0.11072177583798748
Other Western,h_A,1.1,513.116268880715,513.1668074131996,0.050538532484665666,0.009849333484379238,455.94645755996027,455.99699609244493,0.050538532484665666,435.9033195551277,436.1171233499436,0.21380379481587397
Other Western,h_A,1.2,513.116268880715,513.210820037482,0.09455115676701098,0.018426848358026132,455.94645755996027,456.0410087167273,0.09455115676701098,435.9033195551277,436.30332674663487,0.40000719150714303
Other Western,p_D,0.9,513.116268880715,513.0260235910437,-0.09024528967131573,-0.017587688238412728,455.94645755996027,455.85621227028895,-0.09024528967131573,435.9033195551277,429.24501300281565,-6.6583065523120695
Other Western,p_D,0.95,513.116268880715,513.0734930738622,-0.04277580685277371,-0.008336474488731887,455.94645755996027,455.9036817531075,-0.04277580685277371,435.9033195551277,432.72204812987775,-3.1812714252499745
Other Western,p_D,1.05,513.116268880715,513.1550142648009,0.03874538408592798,0.007550995054287625,455.94645755996027,455.9852029440462,0.03874538408592798,435.9033195551277,438.825025054621,2.921705499493271
Other Western,p_D,1.1,513.116268880715,513.1902733211796,0.07400444046459143,0.014422548056412408,455.94645755996027,456.02046200042486,0.07400444046459143,435.9033195551277,441.51768722230855,5.614367667180829
Other Western,p_D,1.2,513.116268880715,513.2520591009027,0.13579022018768683,0.02646383060195938,455.94645755996027,456.08224778014795,0.13579022018768683,435.9033195551277,446.315783081071,10.41246352594328
Other Western,p_A,0.9,513.116268880715,513.1109990131213,-0.005269867593710842,-0.0010270318665214525,455.94645755996027,455.94118769236655,-0.005269867593710842,435.9033195551277,435.50889872484333,-0.394420830284389
Other Western,p_A,0.95,513.116268880715,513.1136643635856,-0.002604517129384476,-0.0005075881018284284,455.94645755996027,455.9438530428309,-0.002604517129384476,435.9033195551277,435.70829755545714,-0.19502199967058687
Other Western,p_A,1.05,513.116268880715,513.1188146059167,0.002545725201684945,0.0004961302839292266,455.94645755996027,455.94900328516195,0.002545725201684945,435.9033195551277,436.0941072523648,0.1907876972370559
Other Western,p_A,1.1,513.116268880715,513.1213035780022,0.00503469728721484,0.0009812000890553063,455.94645755996027,455.9514922572475,0.00503469728721484,435.9033195551277,436.28079712828696,0.3774775731592399
Other Western,p_A,1.2,513.116268880715,513.1261184552471,0.009849574532154293,0.0019195599768527395,455.94645755996027,455.9563071344924,0.009849574532154293,435.9033195551277,436.6424002020995,0.7390806469717859
Other Western,d,0.9,513.116268880715,571.4057208100635,58.2894519293485,11.359891600493992,455.94645755996027,514.2359094893088,58.28945192934856,435.9033195551277,492.8680489766965,56.96472942156879
Other Western,d,0.95,513.116268880715,540.7289781579059,27.612709277190902,5.381374739379015,455.94645755996027,483.55916683715117,27.612709277190902,435.9033195551277,462.85834492222773,26.955025367100006
Other Western,d,1.05,513.116268880715,488.12986747669015,-24.986401404024832,-4.869539891714769,455.94645755996027,430.96005615593543,-24.986401404024832,435.9033195551277,411.56545641579424,-24.33786313933348
Other Western,d,1.1,513.116268880715,465.4116350207712,-47.70463385994378,-9.29704177261894,455.94645755996027,408.2418237000165,-47.70463385994378,435.9033195551277,389.4868194479888,-46.416500107138916
Other Western,d,1.2,513.116268880715,425.64556950658107,-87.47069937413391,-17.04695498447904,455.94645755996027,368.47575818582635,-87.47069937413391,435.9033195551277,350.97389877897587,-84.92942077615186
Sinic,alpha,0.9,1783.6369191321683,1784.9659897202687,1.3290705881004214,0.07451463769583123,1671.292833110663,1672.6219036987634,1.3290705881004214,1697.6734998224606,1697.8527507773426,0.17925095488203624
Sinic,alpha,0.95,1783.6369191321683,1784.2917628977962,0.654843765627902,0.036713961154522266,1671.292833110663,1671.9476768762909,0.654843765627902,1697.6734998224606,1697.7618182201256,0.08831839766503435
Sinic,alpha,1.05,1783.6369191321683,1783.000634236689,-0.6362848954793208,-0.03567345397789289,1671.292833110663,1670.6565482151836,-0.6362848954793208,1697.6734998224606,1697.5876842827195,-0.08581553974113376
Sinic,alpha,1.1,1783.6369191321683,1782.3821306751415,-1.2547884570267342,-0.07034999351982767,1671.292833110663,1670.0380446536362,-1.2547884570267342,1697.6734998224606,1697.5042670781725,-0.16923274428813784
Sinic,alpha,1.2,1783.6369191321683,1781.1955658961786,-2.441353235989709,-0.13687501137717836,1671.292833110663,1668.8514798746733,-2.441353235989709,1697.6734998224606,1697.3442352470217,-0.3292645754388559
Sinic,beta,0.9,1783.6369191321683,1781.8607302032647,-1.7761889289035935,-0.09958242677370692,1671.292833110663,1669.5166441817594,-1.7761889289035935,1697.6734998224606,1696.729776336832,-0.9437234856286523
Sinic,beta,0.95,1783.6369191321683,1782.7934240476857,-0.8434950844825835,-0.047290739243779925,1671.292833110663,1670.4493380261804,-0.8434950844825835,1697.6734998224606,1697.2332005681249,-0.44029925433574135
Sinic,beta,1.05,1783.6369191321683,1784.403618167125,0.7666990349566731,0.04298515167143501,1671.292833110663,1672.0595321456196,0.7666990349566731,1697.6734998224606,1698.0605803038482,0.3870804813875566
Sinic,beta,1.1,1783.6369191321683,1785.1037186680567,1.4667995358884127,0.08223644174185891,1671.292833110663,1672.7596326465514,1.4667995358884127,1697.6734998224606,1698.402461174989,0.7289613525283585
Sinic,beta,1.2,1783.6369191321683,1786.3365900390195,2.6996709068512246,0.1513576489639357,1671.292833110663,1673.9925040175142,2.6996709068512246,1697.6734998224606,1698.975678643901,1.3021788214402932
Sinic,h_D,0.9,1783.6369191321683,1782.2447732623998,-1.3921458697684557,-0.07805096737097182,1671.292833110663,1669.9006872408945,-1.3921458697684557,1697.6734998224606,1694.998824907142,-2.674674915318519
Sinic,h_D,0.95,1783.6369191321683,1782.9660636100298,-0.6708555221384813,-0.03761166383934726,1671.292833110663,1670.6219775885245,-0.6708555221384813,1697.6734998224606,1696.3845990811972,-1.2889007412634328
Sinic,h_D,1.05,1783.6369191321683,1784.2624511009958,0.6255319688275449,0.03507058875703799,1671.292833110663,1671.9183650794905,0.6255319688275449,1697.6734998224606,1698.8753421708006,1.201842348340051
Sinic,h_D,1.1,1783.6369191321683,1784.847102472872,1.2101833407036793,0.06784919776680201,1671.292833110663,1672.5030164513666,1.2101833407036793,1697.6734998224606,1699.998658352208,2.325158529747341
Sinic,h_D,1.2,1783.6369191321683,1785.908810155801,2.2718910236326337,0.12737407480542767,1671.292833110663,1673.5647241342956,2.2718910236326337,1697.6734998224606,1702.0386086329424,4.365108810481843
Sinic,h_A,0.9,1783.6369191321683,1783.4485041625262,-0.18841496964205362,-0.010563527118160755,1671.292833110663,1671.104418141021,-0.18841496964205362,1697.6734998224606,1697.1126229660665,-0.5608768563940885
Sinic,h_A,0.95,1783.6369191321683,1783.5464250264426,-0.09049410572561101,-0.005073572135389588,1671.292833110663,1671.2023390049374,-0.09049410572561101,1697.6734998224606,1697.404114588406,-0.26938523405465276
Sinic,h_A,1.05,1783.6369191321683,1783.7208003865278,0.08388125435953953,0.004702821154899176,1671.292833110663,1671.3767143650225,0.08388125435953953,1697.6734998224606,1697.923201443222,0.24970162076147062
Sinic,h_A,1.1,1783.6369191321683,1783.798767646977,0.16184851480875295,0.009074072927773924,1671.292833110663,1671.4546816254717,0.16184851480875295,1697.6734998224606,1698.1553003711945,0.48180054873387235
Sinic,h_A,1.2,1783.6369191321683,1783.939298605286,0.30237947311775315,0.01695297231596195,1671.292833110663,1671.5952125837807,0.30237947311775315,1697.6734998224606,1698.5736465963068,0.9001467738462452
Sinic,p_D,0.9,1783.6369191321683,1783.5553451851465,-0.08157394702175225,-0.004573461456575041,1671.292833110663,1671.2112591636412,-0.08157394702175225,1697.6734998224606,1691.0310723533153,-6.642427469145332
Sinic,p_D,0.95,1783.6369191321683,1783.598271433894,-0.03864769827418968,-0.0021667917870299403,1671.292833110663,1671.2541854123888,-0.03864769827418968,1697.6734998224606,1694.5200667720105,-3.153433050450076
Sinic,p_D,1.05,1783.6369191321683,1783.671897590854,0.03497845868582772,0.00196107505460509,1671.292833110663,1671.3278115693488,0.03497845868582772,1697.6734998224606,1700.5375603286923,2.864060506231681
Sinic,p_D,1.1,1783.6369191321683,1783.703705544345,0.06678641217672521,0.0037443950313172623,1671.292833110663,1671.3596195228397,0.06678641217672521,1697.6734998224606,1703.1503319070036,5.476832084543048
Sinic,p_D,1.2,1783.6369191321683,1783.7593915894417,0.12247245727348854,0.00686644551701014,1671.292833110663,1671.4153055679365,0.12247245727348854,1697.6734998224606,1707.743625062887,10.070125240426478
Sinic,p_A,0.9,1783.6369191321683,1783.6318901079824,-0.005029024185887465,-0.0002819533578803889,1671.292833110663,1671.287804086477,-0.005029024185887465,1697.6734998224606,1697.2625119619431,-0.41098786051747993
Sinic,p_A,0.95,1783.6369191321683,1783.63444219309,-0.002476939078178475,-0.0001388701395227698,1671.292833110663,1671.2903561715848,-0.002476939078178475,1697.6734998224606,1697.4710416390358,-0.2024581834248238
Sinic,p_A,1.05,1783.6369191321683,1783.639324410624,0.0024052784558534768,0.00013485247081697373,1671.292833110663,1671.2952383891188,0.0024052784558534768,1697.6734998224606,1697.870148075688,0.19664825322729484
Sinic,p_A,1.1,1783.6369191321683,1783.641661201754,0.004742069585745412,0.00026586518449352766,1671.292833110663,1671.2975751802487,0.004742069585745412,1697.6734998224606,1698.06123305452,0.3877332320594178
Sinic,p_A,1.2,1783.6369191321683,1783.6461407134323,0.009221581264000633,0.000517010001591995,1671.292833110663,1671.302054691927,0.009221581264000633,1697.6734998224606,1698.4276315489112,0.7541317264506233
Sinic,d,0.9,1783.6369191321683,1986.2193969272362,202.58247779506792,11.357831609228787,1671.292833110663,1873.8753109057309,202.58247779506792,1697.6734998224606,1899.7529057001118,202.0794058776512
Sinic,d,0.95,1783.6369191321683,1879.5979800057676,95.96106087359931,5.380078189920476,1671.292833110663,1767.2538939842623,95.96106087359931,1697.6734998224606,1793.3834184942677,95.70991867180715
Sinic,d,1.05,1783.6369191321683,1696.8132830938462,-86.82363603832209,-4.867786437195205,1671.292833110663,1584.4691970723409,-86.82363603832209,1697.6734998224606,1611.1002236662755,-86.5732761561851
Sinic,d,1.1,1783.6369191321683,1617.8810371735433,-165.75588195862497,-9.29314033482071,1671.292833110663,1505.536951152038,-165.75588195862497,1697.6734998224606,1532.4175604701118,-165.25593935234883
Sinic,d,1.2,1783.6369191321683,1479.7449382783534,-303.89198085381486,-17.037771398097885,1671.292833110663,1367.400852256848,-303.89198085381486,1697.6734998224606,1394.7783160578135,-302.8951837646471
United States,alpha,0.9,801.7049961301439,804.1579068289011,2.4529106987572504,0.3059617578283197,669.2116985430125,671.6646092417698,2.4529106987572504,715.41959599131,716.7974566377029,1.3778606463929464
United States,alpha,0.95,801.7049961301439,802.9189408588701,1.2139447287262328,0.15142037714445883,669.2116985430125,670.4256432717387,1.2139447287262328,715.41959599131,716.1015080292666,0.6819120379566357
United States,alpha,1.05,801.7049961301439,800.5153224026706,-1.1896737274732914,-0.14839295416841422,669.2116985430125,668.0220248155392,-1.1896737274732914,715.41959599131,714.7513001632342,-0.6682958280757703
United States,alpha,1.1,801.7049961301439,799.3491990964468,-2.3557970336970584,-0.2938483663028879,669.2116985430125,666.8559015093155,-2.3557970336970584,715.41959599131,714.0962167734898,-1.323379217820161
United States,alpha,1.2,801.7049961301439,797.0848610053374,-4.620135124806438,-0.576288678143205,669.2116985430125,664.5915634182061,-4.620135124806438,715.41959599131,712.8241502635807,-2.5954457277292704
United States,beta,0.9,801.7049961301439,798.9730115256248,-2.7319846045190843,-0.34077180729900186,669.2116985430125,666.4797139384934,-2.7319846045190843,715.41959599131,713.2013293791382,-2.2182666121717602
United States,beta,0.95,801.7049961301439,800.3990090212611,-1.3059871088827322,-0.16290120620262746,669.2116985430125,667.9057114341298,-1.3059871088827322,715.41959599131,714.3648042940497,-1.0547916972602707
United States,beta,1.05,801.7049961301439,802.9055045044663,1.2005083743224532,0.14974440475204048,669.2116985430125,670.412206917335,1.2005083743224532,715.41959599131,716.37948832605,0.9598923347400614
United States,beta,1.1,801.7049961301439,804.0128122442493,2.307816114105435,0.2878635065573171,669.2116985430125,671.519514657118,2.307816114105435,715.41959599131,717.2560783967202,1.8364824054102655
United States,beta,1.2,801.7049961301439,805.9881018952431,4.283105765099208,0.5342496037537372,669.2116985430125,673.4948043081117,4.283105765099208,715.41959599131,718.7971928193982,3.377596828088258
United States,h_D,0.9,801.7049961301439,799.0943282526471,-2.6106678774967804,-0.3256394671479608,669.2116985430125,666.6010306655157,-2.6106678774967804,715.41959599131,712.3575664036746,-3.0620295876353794
United States,h_D,0.95,801.7049961301439,800.4525625617812,-1.252433568362676,-0.15622125026140707,669.2116985430125,667.9592649746498,-1.252433568362676,715.41959599131,713.9505886119412,-1.4690073793688043
United States,h_D,1.05,801.7049961301439,802.8635279836485,1.1585318535046554,0.14450849864936932,669.2116985430125,670.3702303965172,1.1585318535046554,715.41959599131,716.7785275656752,1.358931574365215
United States,h_D,1.1,801.7049961301439,803.9383372389063,2.233341108762488,0.27857392925613517,669.2116985430125,671.445039651775,2.233341108762488,715.41959599131,718.0393088218989,2.6197128305889237
United States,h_D,1.2,801.7049961301439,805.8706440498438,4.16564791969995,0.5195985979640476,669.2116985430125,673.3773464627125,4.16564791969995,715.41959599131,720.3060894347559,4.886493443445943
United States,h_A,0.9,801.7049961301439,801.6441191028496,-0.060877027294282016,-0.007593444919033486,669.2116985430125,669.1508215157182,-0.060877027294282016,715.41959599131,715.2761593276849,-0.14343666362503882
United States,h_A,0.95,801.7049961301439,801.6760172233455,-0.028978906798329263,-0.0036146596239528743,669.2116985430125,669.1827196362142,-0.028978906798329263,715.41959599131,715.3513163213487,-0.06827966996127088
United States,h_A,1.05,801.7049961301439,801.7314390220874,0.02644289194358862,0.003298331938958759,669.2116985430125,669.2381414349561,0.02644289194358862,715.41959599131,715.481901011111,0.06230501980098779
United States,h_A,1.1,801.7049961301439,801.7556647944053,0.050668664261479535,0.006320113321740394,669.2116985430125,669.262367207274,0.050668664261479535,715.41959599131,715.5389826624956,0.11938667118567992
United States,h_A,1.2,801.7049961301439,801.7984941252514,0.09349799510755474,0.011662393967715384,669.2116985430125,669.3051965381201,0.09349799510755474,715.41959599131,715.6399000968554,0.22030410554543778
United States,p_D,0.9,801.7049961301439,801.3981678798672,-0.3068282502766806,-0.03827196434570703,669.2116985430125,668.9048702927358,-0.3068282502766806,715.41959599131,708.220278685039,-7.1993173062709275
United States,p_D,0.95,801.7049961301439,801.5595792348508,-0.14541689529301038,-0.018138454418388617,669.2116985430125,669.0662816477195,-0.14541689529301038,715.41959599131,711.9901098362774,-3.4294861550325777
United States,p_D,1.05,801.7049961301439,801.8366837897013,0.13168765955742856,0.01642594971879796,669.2116985430125,669.34338620257,0.13168765955742856,715.41959599131,718.5528366966354,3.13324070532542
United States,p_D,1.1,801.7049961301439,801.9564987976178,0.2515026674739147,0.031370974197232934,669.2116985430125,669.4632012104864,0.2515026674739147,715.41959599131,721.4266279653315,6.0070319740215155
United States,p_D,1.2,801.7049961301439,802.1664023677699,0.461406237626079,0.05755311989488677,669.2116985430125,669.6731047806386,0.461406237626079,715.41959599131,726.5149077420579,11.095311750747896
United States,p_A,0.9,801.7049961301439,801.689524550202,-0.015471579941845448,-0.0019298345421978494,669.2116985430125,669.1962269630707,-0.015471579941845448,715.41959599131,715.0532070000514,-0.36638899125853186
United States,p_A,0.95,801.7049961301439,801.6974541290793,-0.007542001064507531,-0.0009407451744610568,669.2116985430125,669.204156541948,-0.007542001064507531,715.41959599131,715.2409454417059,-0.17865054960407178
United States,p_A,1.05,801.7049961301439,801.7121782884597,0.007182158315799825,0.0008958604911368068,669.2116985430125,669.2188807013283,0.007182158315799825,715.41959599131,715.5898029314505,0.1702069401405879
United States,p_A,1.1,801.7049961301439,801.7190257779406,0.014029647796746758,0.0017499763459711895,669.2116985430125,669.2257281908093,0.014029647796746758,715.41959599131,715.7521510701085,0.3325550787985776
United States,p_A,1.2,801.7049961301439,801.731806160725,0.02681003058114584,0.00334412666885684,669.2116985430125,669.2385085735937,0.02681003058114584,715.41959599131,716.0553520051856,0.6357560138756071
United States,d,0.9,801.7049961301439,897.4512306456165,95.74623451547268,11.942826223815851,669.2116985430125,764.9579330584852,95.74623451547268,715.41959599131,809.8504676519949,94.43087166068494
United States,d,0.95,801.7049961301439,847.0554731990295,45.35047706888565,5.656753704641218,669.2116985430125,714.5621756118982,45.35047706888565,715.41959599131,760.1146714813699,44.695075490059935
United States,d,1.05,801.7049961301439,760.6784219902552,-41.02657413988868,-5.117415300880659,669.2116985430125,628.1851244031238,-41.02657413988868,715.41959599131,675.0439396006012,-40.37565639070874
United States,d,1.1,801.7049961301439,723.3855497759199,-78.31944635422394,-9.769110424941152,669.2116985430125,590.8922521887886,-78.31944635422394,715.41959599131,638.3975756738506,-77.02202031745935
United States,d,1.2,801.7049961301439,658.1320161928436,-143.57297993730026,-17.908455183681244,669.2116985430125,525.6387186057123,-143.57297993730026,715.41959599131,574.424120342341,-140.99547564896898
Japanese,package:retention,,206.80613971820682,233.01484691865141,26.208707200444593,12.673079839968226,156.33080339533686,182.53951059578145,26.208707200444593,143.0864038033193,166.56108621570303,23.474682412383714
Japanese,package:pi_pipeline,,206.80613971820682,207.64330669188067,0.8371669736738454,0.40480760136742827,156.33080339533686,157.1679703690107,0.8371669736738454,143.0864038033193,147.79959870315253,4.713194899833212
Japanese,package:return_plus_retention,,206.80613971820682,233.3177676905753,26.511627972368473,12.819555555020324,156.33080339533686,182.84243136770533,26.511627972368473,143.0864038033193,170.12648641390547,27.040082610586154
Other Civilizations,package:retention,,424.69788750901796,474.8702539440829,50.17236643506493,11.813660465640904,320.1017336628641,370.274100097929,50.17236643506493,370.6549504280109,419.6009094872251,48.9459590592142
Other Civilizations,package:pi_pipeline,,424.69788750901796,425.3898401891708,0.6919526801528377,0.16292821332626595,320.1017336628641,320.79368634301693,0.6919526801528377,370.6549504280109,375.1804806196108,4.5255301915998984
Other Civilizations,package:return_plus_retention,,424.69788750901796,474.9508346286644,50.25294711964642,11.832634114192377,320.1017336628641,370.3546807825105,50.25294711964642,370.6549504280109,423.0187550253304,52.36380459731947
Other Western,package:retention,,513.116268880715,571.7972322089603,58.6809633282453,11.436192318799185,455.94645755996027,514.6274208882055,58.68096332824524,435.9033195551277,492.68777197382906,56.784452418701335
Other Western,package:pi_pipeline,,513.116268880715,513.5112022820078,0.39493340129286025,0.07696762415160746,455.94645755996027,456.3413909612531,0.39493340129286025,435.9033195551277,441.86044660227395,5.95712704714623
Other Western,package:return_plus_retention,,513.116268880715,571.8644304930789,58.7481616123639,11.449288431355738,455.94645755996027,514.6946191723241,58.748161612363845,435.9033195551277,498.51864335842635,62.61532380329862
