rate,value,target_value_after_1pct_change,elasticity,group,target,M_threshold,period
r,0.003133363464030481,706.3099783451779,1.0101010100405576,Anglosphere ex-US,domestic_active,119.77848101265822,early
I0,1.8746239109865739,706.2393473477662,1.0000000000000155,Anglosphere ex-US,domestic_active,119.77848101265822,early
p_D,0.022431482441414193,700.0839928348609,0.1197165548221804,Anglosphere ex-US,domestic_active,119.77848101265822,early
beta,0.04700036292457356,699.791162097043,0.07783853622879895,Anglosphere ex-US,domestic_active,119.77848101265822,early
h_D,0.1373265360835137,699.4809010139825,0.033467786416019114,Anglosphere ex-US,domestic_active,119.77848101265822,early
p_A,0.07754338732037873,699.4237320131058,0.025291990051473336,Anglosphere ex-US,domestic_active,119.77848101265822,early
h_A,0.34657359027997264,699.3347819484962,0.012571151770084688,Anglosphere ex-US,domestic_active,119.77848101265822,early
alpha,0.1760087790415523,699.123918936156,-0.01758457988993571,Anglosphere ex-US,domestic_active,119.77848101265822,early
d,0.005053987678095924,683.8324383978445,-2.2044346048418118,Anglosphere ex-US,domestic_active,119.77848101265822,early
r,0.003133363464030481,604.3216906276269,1.010101010040546,Anglosphere ex-US,domestic_PIs,119.77848101265822,early
I0,1.8746239109865739,604.2612584589259,1.0000000000000047,Anglosphere ex-US,domestic_PIs,119.77848101265822,early
p_D,0.022431482441414193,599.7109504757158,0.23943310965142722,Anglosphere ex-US,domestic_PIs,119.77848101265822,early
beta,0.04700036292457356,598.6018963261689,0.05405887369609109,Anglosphere ex-US,domestic_PIs,119.77848101265822,early
p_A,0.07754338732037873,598.5811067858251,0.050583980104404035,Anglosphere ex-US,domestic_PIs,119.77848101265822,early
alpha,0.1760087790415523,598.4149537869264,0.022812130339337832,Anglosphere ex-US,domestic_PIs,119.77848101265822,early
h_A,0.34657359027997264,598.3851158494605,0.017824831150667263,Anglosphere ex-US,domestic_PIs,119.77848101265822,early
h_D,0.1373265360835137,598.3441777526933,0.010982182022329739,Anglosphere ex-US,domestic_PIs,119.77848101265822,early
d,0.005053987678095924,584.2397058770516,-2.346527321520739,Anglosphere ex-US,domestic_PIs,119.77848101265822,early
r,0.0035489432400481746,1064.3002293479485,1.0101010100206795,Continental Europe,domestic_active,129.0692124105012,early
I0,3.306853271795593,1064.1937993258603,1.0000000000000198,Continental Europe,domestic_active,129.0692124105012,early
p_D,0.04981429345534807,1054.6154210278241,0.09093981874874654,Continental Europe,domestic_active,129.0692124105012,early
h_D,0.17328679513998632,1054.3571766117038,0.06643048027611723,Continental Europe,domestic_active,129.0692124105012,early
beta,0.04353180712578457,1054.3415977756972,0.06495193150270218,Continental Europe,domestic_active,129.0692124105012,early
p_A,0.05080933680312645,1053.7401531065025,0.007870306307038414,Continental Europe,domestic_active,129.0692124105012,early
h_A,0.21682513192351327,1053.735553957305,0.007433812437933751,Continental Europe,domestic_active,129.0692124105012,early
alpha,0.08801123836674946,1053.1935529926907,-0.044006157857630616,Continental Europe,domestic_active,129.0692124105012,early
d,0.006011865813346262,1031.0169327727835,-2.148734303830199,Continental Europe,domestic_active,129.0692124105012,early
r,0.0035489432400481746,941.1973097054694,1.010101010020666,Continental Europe,domestic_PIs,129.0692124105012,early
I0,3.306853271795593,941.1031899752476,1.000000000000021,Continental Europe,domestic_PIs,129.0692124105012,early
p_D,0.04981429345534807,933.4800644017017,0.18187963750461666,Continental Europe,domestic_PIs,129.0692124105012,early
h_D,0.17328679513998632,932.4640591305995,0.07284108203651153,Continental Europe,domestic_PIs,129.0692124105012,early
beta,0.04353180712578457,932.3186752169723,0.05723835596698496,Continental Europe,domestic_PIs,129.0692124105012,early
p_A,0.05080933680312645,931.9320053293917,0.015740612614662888,Continental Europe,domestic_PIs,129.0692124105012,early
h_A,0.21682513192351327,931.8861620734474,0.010820675141603613,Continental Europe,domestic_PIs,129.0692124105012,early
alpha,0.08801123836674946,931.5458968721359,-0.02569687755457004,Continental Europe,domestic_PIs,129.0692124105012,early
d,0.006011865813346262,910.6697429654929,-2.266143586301145,Continental Europe,domestic_PIs,129.0692124105012,early
r,0.0017093659369038505,911.2970921048424,1.0101010099662977,Hindu,domestic_active,66.04072398190046,early
I0,1.437451795176416,911.2059623968474,1.0000000000000366,Hindu,domestic_active,66.04072398190046,early
p_D,0.05154599254889878,902.6911855329117,0.05620408694941073,Hindu,domestic_active,66.04072398190046,early
h_D,0.24323876863191413,902.3260940796861,0.015736576531900782,Hindu,domestic_active,66.04072398190046,early
beta,0.17917594692280553,902.2230376360029,0.004313581905505,Hindu,domestic_active,66.04072398190046,early
h_A,0.1373265360835137,902.1985763848172,0.0016022449831072458,Hindu,domestic_active,66.04072398190046,early
p_A,0.06108604879161033,902.1930734796807,0.0009922913154160552,Hindu,domestic_active,66.04072398190046,early
alpha,0.05423706673910467,902.1465570910356,-0.004163683784662297,Hindu,domestic_active,66.04072398190046,early
d,0.003175467435552702,883.8408977420097,-2.0332017613981117,Hindu,domestic_active,66.04072398190046,early
r,0.0017093659369038505,849.421109160229,1.0101010099663,Hindu,domestic_PIs,66.04072398190046,early
I0,1.437451795176416,849.336167050446,1.0000000000000364,Hindu,domestic_PIs,66.04072398190046,early
p_D,0.05154599254889878,841.8721686397546,0.11240817390621886,Hindu,domestic_PIs,66.04072398190046,early
h_D,0.24323876863191413,841.1389429676807,0.025215616056430065,Hindu,domestic_PIs,66.04072398190046,early
h_A,0.1373265360835137,840.9510088351365,0.002867165438949556,Hindu,domestic_PIs,66.04072398190046,early
beta,0.17917594692280553,840.9449256965823,0.002143780496919405,Hindu,domestic_PIs,66.04072398190046,early
p_A,0.06108604879161033,840.9435869589063,0.0019845826309529747,Hindu,domestic_PIs,66.04072398190046,early
alpha,0.05423706673910467,840.9106043763245,-0.0019375873766289472,Hindu,domestic_PIs,66.04072398190046,early
d,0.003175467435552702,823.2645801914726,-2.1003392707282127,Hindu,domestic_PIs,66.04072398190046,early
r,0.016014514558037263,186.14093516947105,1.0101010100916903,Japanese,domestic_active,50.47533632286996,early
I0,1.7060802162755573,186.12232107597123,0.9999999999999747,Japanese,domestic_active,50.47533632286996,early
p_D,0.034055041584399384,184.8724438530257,0.32174927333956393,Japanese,domestic_active,50.47533632286996,early
h_D,0.08664339756999316,184.56191873925596,0.15324161499190778,Japanese,domestic_active,50.47533632286996,early
beta,0.10986122886681096,184.37536759563827,0.05200891277508942,Japanese,domestic_active,50.47533632286996,early
h_A,0.2239699336535069,184.3200318775445,0.021980770555706013,Japanese,domestic_active,50.47533632286996,early
p_A,0.027031007207210953,184.30846816120084,0.015705674995121346,Japanese,domestic_active,50.47533632286996,early
alpha,0.042971518217016634,184.2279435934821,-0.027991294248409612,Japanese,domestic_active,50.47533632286996,early
d,0.0176918739510297,179.71825590115455,-2.475190825674663,Japanese,domestic_active,50.47533632286996,early
r,0.016014514558037263,107.60946537043218,1.0101010100916814,Japanese,domestic_PIs,50.47533632286996,early
I0,1.7060802162755573,107.59870442390505,0.9999999999999792,Japanese,domestic_PIs,50.47533632286996,early
p_D,0.034055041584399384,107.21891140903135,0.6434985466820959,Japanese,domestic_PIs,50.47533632286996,early
h_D,0.08664339756999316,106.79596084767687,0.24648626920608407,Japanese,domestic_PIs,50.47533632286996,early
h_A,0.2239699336535069,106.57390208511745,0.03804570164923182,Japanese,domestic_PIs,50.47533632286996,early
p_A,0.027031007207210953,106.5668342866701,0.03141134999040319,Japanese,domestic_PIs,50.47533632286996,early
beta,0.10986122886681096,106.56616645716053,0.030784476452962523,Japanese,domestic_PIs,50.47533632286996,early
alpha,0.042971518217016634,106.55093743328167,0.016489402734369645,Japanese,domestic_PIs,50.47533632286996,early
d,0.0176918739510297,103.40811074930123,-2.9335971878203666,Japanese,domestic_PIs,50.47533632286996,early
r,0.0061403923248235515,166.08382754774271,1.010101010076149,Other Civilizations,domestic_active,104.59615384615385,early
I0,0.8722485551419678,166.0672191650288,0.9999999999999934,Other Civilizations,domestic_active,104.59615384615385,early
p_D,0.08351753123302454,164.58141952256082,0.09635529128635693,Other Civilizations,domestic_active,104.59615384615385,early
h_D,0.17328679513998632,164.56725860026344,0.08774279594124063,Other Civilizations,domestic_active,104.59615384615385,early
beta,0.06931471805599453,164.53526727578642,0.06828607360660569,Other Civilizations,domestic_active,104.59615384615385,early
h_A,0.2239699336535069,164.4402972500822,0.010526495019373451,Other Civilizations,domestic_active,104.59615384615385,early
p_A,0.046209812037329684,164.43442549135318,0.006955364999772295,Other Civilizations,domestic_active,104.59615384615385,early
alpha,0.08983275012211452,164.3408198929211,-0.049974386032216545,Other Civilizations,domestic_active,104.59615384615385,early
d,0.010128975377441922,160.8484018547174,-2.174019237460999,Other Civilizations,domestic_active,104.59615384615385,early
r,0.0061403923248235515,143.4858067658911,1.0101010100761594,Other Civilizations,domestic_PIs,104.59615384615385,early
I0,0.8722485551419678,143.47145818524982,0.9999999999999966,Other Civilizations,domestic_PIs,104.59615384615385,early
p_D,0.08351753123302454,142.32469590905697,0.19271058257505372,Other Civilizations,domestic_PIs,104.59615384615385,early
h_D,0.17328679513998632,142.2083320542012,0.11079359721022292,Other Civilizations,domestic_PIs,104.59615384615385,early
beta,0.06931471805599453,142.13662681243855,0.06031505946038506,Other Civilizations,domestic_PIs,104.59615384615385,early
h_A,0.2239699336535069,142.07283388046136,0.015406572356442105,Other Civilizations,domestic_PIs,104.59615384615385,early
p_A,0.046209812037329684,142.07070902220266,0.013910729999760773,Other Civilizations,domestic_PIs,104.59615384615385,early
alpha,0.08983275012211452,142.00656735880844,-0.031243254526219854,Other Civilizations,domestic_PIs,104.59615384615385,early
d,0.010128975377441922,138.7641846338368,-2.313792406562391,Other Civilizations,domestic_PIs,104.59615384615385,early
r,0.0020239041523382184,1406.663778565611,1.0101010099218624,Sinic,domestic_active,112.34408602150538,early
I0,2.6100528823832394,1406.523112190249,1.0000000000000082,Sinic,domestic_active,112.34408602150538,early
p_D,0.05915354633339352,1393.3604782206894,0.054813945534585316,Sinic,domestic_active,112.34408602150538,early
h_D,0.14869800835922953,1393.0236182740346,0.03062461347365799,Sinic,domestic_active,112.34408602150538,early
beta,0.0916290731874155,1392.8272620706398,0.01652461300371238,Sinic,domestic_active,112.34408602150538,early
h_A,0.20117973905426256,1392.6477110742514,0.00363136547862675,Sinic,domestic_active,112.34408602150538,early
p_A,0.039185777660141266,1392.6329965810298,0.0025747430865004375,Sinic,domestic_active,112.34408602150538,early
alpha,0.057157458521138384,1392.4335199192126,-0.011749332123446378,Sinic,domestic_active,112.34408602150538,early
d,0.0037050763610373422,1363.987721255073,-2.054393096863438,Sinic,domestic_active,112.34408602150538,early
r,0.0020239041523382184,1302.6392822994746,1.0101010099218626,Sinic,domestic_PIs,112.34408602150538,early
I0,2.6100528823832394,1302.509018373555,1.0000000000000107,Sinic,domestic_PIs,112.34408602150538,early
p_D,0.05915354633339352,1291.0266648925833,0.10962789107882036,Sinic,domestic_PIs,112.34408602150538,early
h_D,0.14869800835922953,1290.1704536799932,0.04323500530856738,Sinic,domestic_PIs,112.34408602150538,early
beta,0.0916290731874155,1289.7705018833246,0.012221683409293716,Sinic,domestic_PIs,112.34408602150538,early
h_A,0.20117973905426256,1289.6878250188151,0.005810700300795896,Sinic,domestic_PIs,112.34408602150538,early
p_A,0.039185777660141266,1289.6792979162021,0.0051494861734725965,Sinic,domestic_PIs,112.34408602150538,early
alpha,0.057157458521138384,1289.5492444388187,-0.004935205011334304,Sinic,domestic_PIs,112.34408602150538,early
d,0.0037050763610373422,1262.1687884020537,-2.1280883046854253,Sinic,domestic_PIs,112.34408602150538,early
r,0.005154066901468468,814.816617663187,1.010101010041621,United States,domestic_active,132.49329758713137,early
I0,3.603575121637484,814.7351360018998,1.0000000000000153,United States,domestic_active,132.49329758713137,early
h_D,0.25596160542065693,807.6806259693849,0.1254758978722439,United States,domestic_active,132.49329758713137,early
p_D,0.06228728249178888,807.5275233605976,0.10649627761994705,United States,domestic_active,132.49329758713137,early
beta,0.015415067982725822,807.4017882424434,0.0909093139891837,United States,domestic_active,132.49329758713137,early
p_A,0.046209812037329684,806.6980528160574,0.0036695781238749513,United States,domestic_active,132.49329758713137,early
h_A,0.32988216620190736,806.6839189025959,0.0019174439682099525,United States,domestic_active,132.49329758713137,early
alpha,0.060000455671901175,805.8454486878856,-0.10202491465071234,United States,domestic_active,132.49329758713137,early
d,0.008349011280518778,789.0798881370412,-2.180395590972366,United States,domestic_active,132.49329758713137,early
r,0.005154066901468468,706.2335316388032,1.0101010100416208,United States,domestic_PIs,132.49329758713137,early
I0,3.603575121637484,706.1629082860546,1.000000000000011,United States,domestic_PIs,132.49329758713137,early
p_D,0.06228728249178888,700.6603789194191,0.21299255524612012,United States,domestic_PIs,132.49329758713137,early
h_D,0.25596160542065693,700.1512061465213,0.14016736227825327,United States,domestic_PIs,132.49329758713137,early
beta,0.015415067982725822,699.8177477481804,0.09247397901322989,United States,domestic_PIs,132.49329758713137,early
p_A,0.046209812037329684,699.2225095893652,0.007339156247973082,United States,domestic_PIs,132.49329758713137,early
h_A,0.32988216620190736,699.1906418197519,0.0027812211126418775,United States,domestic_PIs,132.49329758713137,early
alpha,0.060000455671901175,698.5483833757046,-0.08907874786565607,United States,domestic_PIs,132.49329758713137,early
d,0.008349011280518778,682.9613147718746,-2.3184424124169882,United States,domestic_PIs,132.49329758713137,early
r,0.0024677160504325,799.2829563757091,1.0101010100616443,Continental Europe,domestic_active,129.0692124105012,late
I0,1.8160593209803058,799.2030280803831,1.0000000000000133,Continental Europe,domestic_active,129.0692124105012,late
p_D,0.06108604879161033,791.7040885332544,0.05231478404282782,Continental Europe,domestic_active,129.0692124105012,late
beta,0.08109302162163287,791.6335836450894,0.043404665519162666,Continental Europe,domestic_active,129.0692124105012,late
h_D,0.1373265360835137,791.5624810255277,0.03441900815375407,Continental Europe,domestic_active,129.0692124105012,late
h_A,0.2746530721670274,791.3722539899433,0.010378895793093009,Continental Europe,domestic_active,129.0692124105012,late
p_A,0.07324081924454064,791.3541277842919,0.008088180284689274,Continental Europe,domestic_active,129.0692124105012,late
alpha,0.15925190750457274,791.1455052293031,-0.01827668235162615,Continental Europe,domestic_active,129.0692124105012,late
d,0.0044468170929742425,774.7720207574324,-2.087490478539361,Continental Europe,domestic_active,129.0692124105012,late
r,0.0024677160504325,743.3607906925058,1.0101010100616452,Continental Europe,domestic_PIs,129.0692124105012,late
I0,1.8160593209803058,743.2864546137263,1.000000000000006,Continental Europe,domestic_PIs,129.0692124105012,late
p_D,0.06108604879161033,736.6971802186563,0.10462956808768584,Continental Europe,domestic_PIs,129.0692124105012,late
h_D,0.1373265360835137,736.1893588062406,0.03562526653528646,Continental Europe,domestic_PIs,129.0692124105012,late
beta,0.08109302162163287,736.1696931462958,0.0329530374880587,Continental Europe,domestic_PIs,129.0692124105012,late
p_A,0.07324081924454064,736.0462290204853,0.01617636056967767,Continental Europe,domestic_PIs,129.0692124105012,late
h_A,0.2746530721670274,736.0314584916825,0.014169296671478655,Continental Europe,domestic_PIs,129.0692124105012,late
alpha,0.15925190750457274,735.910597111955,-0.002253711277491819,Continental Europe,domestic_PIs,129.0692124105012,late
d,0.0044468170929742425,720.0495139761365,-2.1575054137320784,Continental Europe,domestic_PIs,129.0692124105012,late
r,0.003141552654597035,614.592546922107,1.0101010100957843,Hindu,domestic_active,66.04072398190046,late
I0,1.6572420087028756,614.5310876674465,0.9999999999999927,Hindu,domestic_active,66.04072398190046,late
h_D,0.10943359216923751,610.0055886817674,0.25622087030862095,Hindu,domestic_active,66.04072398190046,late
p_D,0.046209812037329684,609.0182014669483,0.09394086414122002,Hindu,domestic_active,66.04072398190046,late
h_A,0.0,608.4466214529174,0.0,Hindu,domestic_active,66.04072398190046,late
p_A,0.0,608.4466214529174,0.0,Hindu,domestic_active,66.04072398190046,late
beta,0.0,608.4466214529174,0.0,Hindu,domestic_active,66.04072398190046,late
alpha,0.014501896164938301,607.0792474436639,-0.22473195857153375,Hindu,domestic_active,66.04072398190046,late
d,0.004833965388312767,595.7731030900729,-2.082930189107007,Hindu,domestic_active,66.04072398190046,late
r,0.003141552654597035,532.8517491229719,1.0101010100957855,Hindu,domestic_PIs,66.04072398190046,late
I0,1.6572420087028756,532.7984639480871,0.9999999999999953,Hindu,domestic_PIs,66.04072398190046,late
h_D,0.10943359216923751,529.0964686592109,0.2982308518574643,Hindu,domestic_PIs,66.04072398190046,late
p_D,0.046209812037329684,528.5143513964535,0.18788172828299432,Hindu,domestic_PIs,66.04072398190046,late
h_A,0.0,527.5232316317695,0.0,Hindu,domestic_PIs,66.04072398190046,late
p_A,0.0,527.5232316317695,0.0,Hindu,domestic_PIs,66.04072398190046,late
beta,0.0,527.5232316317695,0.0,Hindu,domestic_PIs,66.04072398190046,late
alpha,0.014501896164938301,526.3377183414036,-0.22473195857152184,Hindu,domestic_PIs,66.04072398190046,late
d,0.004833965388312767,515.8283671639531,-2.2169382818726415,Hindu,domestic_PIs,66.04072398190046,late
r,0.0022445631668688293,1117.638794924318,1.0101010100282404,Islamic,domestic_active,126.52032520325203,late
I0,2.1554438508323224,1117.5270310456303,0.9999999999999655,Islamic,domestic_active,126.52032520325203,late
p_D,0.027031007207210953,1107.6779122746889,0.10985509233332542,Islamic,domestic_active,126.52032520325203,late
h_D,0.1013662770270411,1106.7332585388606,0.024479056973011885,Islamic,domestic_active,126.52032520325203,late
beta,0.13862943611198905,1106.5964240607586,0.012112213125516417,Islamic,domestic_active,126.52032520325203,late
h_A,0.25993019270997947,1106.5770293437731,0.010359354929590439,Islamic,domestic_active,126.52032520325203,late
p_A,0.046209812037329684,1106.5748689155964,0.010164099477342512,Islamic,domestic_active,126.52032520325203,late
alpha,0.10476810990372903,1106.430036430722,-0.0029255892424182484,Islamic,domestic_active,126.52032520325203,late
d,0.0038329373048306354,1083.0107007937136,-2.119521281003615,Islamic,domestic_active,126.52032520325203,late
r,0.0022445631668688293,969.9954284744256,1.0101010100282253,Islamic,domestic_PIs,126.52032520325203,late
I0,2.1554438508323224,969.8984289322766,0.9999999999999568,Islamic,domestic_PIs,126.52032520325203,late
p_D,0.027031007207210953,962.4053411501378,0.21971018467449965,Islamic,domestic_PIs,126.52032520325203,late
h_D,0.1013662770270411,960.5821482235344,0.029852690225666584,Islamic,domestic_PIs,126.52032520325203,late
p_A,0.046209812037329684,960.4906849649263,0.02032819895539377,Islamic,domestic_PIs,126.52032520325203,late
h_A,0.25993019270997947,960.4523206787355,0.016333148762831123,Islamic,domestic_PIs,126.52032520325203,late
alpha,0.10476810990372903,960.4300330474581,0.014012234848681233,Islamic,domestic_PIs,126.52032520325203,late
beta,0.13862943611198905,960.2656583590789,-0.003104860128549233,Islamic,domestic_PIs,126.52032520325203,late
d,0.0038329373048306354,938.683816119214,-2.250521704205684,Islamic,domestic_PIs,126.52032520325203,late
r,0.0033969280164001248,680.5786241224132,1.0101010100939574,Other Civilizations,domestic_active,104.59615384615385,late
I0,1.6564758826174664,680.5105662600484,0.9999999999999962,Other Civilizations,domestic_active,104.59615384615385,late
p_D,0.014876236754280648,675.3445299980134,0.23326736080956748,Other Civilizations,domestic_active,104.59615384615385,late
h_D,0.06385320297074884,674.1211997106958,0.05170315718798619,Other Civilizations,domestic_active,104.59615384615385,late
h_A,0.17328679513998632,673.8681081389306,0.014139818695278205,Other Civilizations,domestic_active,104.59615384615385,late
beta,0.13862943611198905,673.8444434409955,0.010627552156091317,Other Civilizations,domestic_active,104.59615384615385,late
p_A,0.019178804830118728,673.8367827301796,0.009490564972101767,Other Civilizations,domestic_active,104.59615384615385,late
alpha,0.047947012075296815,673.7569977218574,-0.002350964373771977,Other Civilizations,domestic_active,104.59615384615385,late
d,0.004833965388312767,658.5071210211186,-2.265706778581714,Other Civilizations,domestic_active,104.59615384615385,late
r,0.0033969280164001248,492.56503350971246,1.0101010100939496,Other Civilizations,domestic_PIs,104.59615384615385,late
I0,1.6564758826174664,492.51577700639587,0.9999999999999891,Other Civilizations,domestic_PIs,104.59615384615385,late
p_D,0.014876236754280648,489.9143902134563,0.46653472162072024,Other Civilizations,domestic_PIs,104.59615384615385,late
h_D,0.06385320297074884,488.0324720729194,0.0806105724502555,Other Civilizations,domestic_PIs,104.59615384615385,late
h_A,0.17328679513998632,487.75730570595044,0.02418232312027697,Other Civilizations,domestic_PIs,104.59615384615385,late
alpha,0.047947012075296815,487.736454581078,0.019906391849780256,Other Civilizations,domestic_PIs,104.59615384615385,late
p_A,0.019178804830118728,487.7319426396292,0.018981129944263632,Other Civilizations,domestic_PIs,104.59615384615385,late
beta,0.13862943611198905,487.6030831560032,-0.007444029317298794,Other Civilizations,domestic_PIs,104.59615384615385,late
d,0.004833965388312767,475.2250469995606,-2.545802616324485,Other Civilizations,domestic_PIs,104.59615384615385,late
r,0.0022451653387633996,945.8853522586894,1.0101010100568244,Sinic,domestic_active,112.34408602150538,late
I0,1.9842838426286562,945.7907637238774,1.0000000000000118,Sinic,domestic_active,112.34408602150538,late
p_D,0.09241962407465937,936.7548988738845,0.03506950495478719,Sinic,domestic_active,112.34408602150538,late
beta,0.1203972804325936,936.7515967598506,0.03471687567332821,Sinic,domestic_active,112.34408602150538,late
h_D,0.08664339756999316,936.7250256614309,0.03187937604516092,Sinic,domestic_active,112.34408602150538,late
h_A,0.20117973905426256,936.5867540218896,0.01711349322063496,Sinic,domestic_active,112.34408602150538,late
p_A,0.05406201441442192,936.4737303273934,0.005043811868303449,Sinic,domestic_active,112.34408602150538,late
alpha,0.17160323619685972,936.3154478916236,-0.011859002819584106,Sinic,domestic_active,112.34408602150538,late
d,0.004117109564095658,917.0457596477205,-2.0696487246934385,Sinic,domestic_active,112.34408602150538,late
r,0.0022451653387633996,892.73029432329,1.0101010100568217,Sinic,domestic_PIs,112.34408602150538,late
I0,1.9842838426286562,892.6410212942482,1.0000000000000027,Sinic,domestic_PIs,112.34408602150538,late
p_D,0.09241962407465937,884.4228820481628,0.07013900991112164,Sinic,domestic_PIs,112.34408602150538,late
h_D,0.08664339756999316,884.1413858061044,0.03828844538443241,Sinic,domestic_PIs,112.34408602150538,late
beta,0.1203972804325936,884.022726948799,0.024862505614751458,Sinic,domestic_PIs,112.34408602150538,late
h_A,0.20117973905426256,884.0040781941645,0.02275244773801504,Sinic,domestic_PIs,112.34408602150538,late
p_A,0.05406201441442192,883.8921461007892,0.010087623736852349,Sinic,domestic_PIs,112.34408602150538,late
alpha,0.17160323619685972,883.8288794900135,0.0029291719786279547,Sinic,domestic_PIs,112.34408602150538,late
d,0.004117109564095658,865.0134944326651,-2.1259825018730276,Sinic,domestic_PIs,112.34408602150538,late
