rate,value,target_value_after_1pct_change,elasticity,group,target,M_threshold,abs_elasticity
d,0.0054688929340695,605.7425901224481,-2.1135529737732366,Continental Europe,domestic_active,87.21721311475409,2.1135529737732366
p_D,0.0391857776601412,619.5129269227821,0.1116980911497662,Continental Europe,domestic_active,87.21721311475409,0.1116980911497662
h_D,0.2371399981107351,619.0030409272472,0.0293018236506436,Continental Europe,domestic_active,87.21721311475409,0.0293018236506436
d,0.0068112401162406,378.7062952056133,-2.075933674811373,Sinic,domestic_active,60.7682119205298,2.075933674811373
p_D,0.1194506312818703,386.923327827151,0.0487874022196489,Sinic,domestic_active,60.7682119205298,0.0487874022196489
h_D,0.1453938512257101,386.9143963958596,0.0464779553442349,Sinic,domestic_active,60.7682119205298,0.0464779553442349
d,0.0149035548108155,98.2349469876425,-2.4822430745133994,United States,domestic_active,45.21531100478469,2.4822430745133994
p_D,0.0191788048301187,101.10805252579476,0.3698866011512758,United States,domestic_active,45.21531100478469,0.3698866011512758
h_D,0.1880096745970342,100.80964423302052,0.073656916587304,United States,domestic_active,45.21531100478469,0.073656916587304
